tconst,titleType,primaryTitle,originalTitle,isAdult,startYear,endYear,runtimeMinutes,genres,averageRating,numVotes
tt0944947,tvSeries,Game of Thrones,Game of Thrones,0,2011,2019,60,"Drama,Fantasy",9.2,2659778
tt4574334,tvSeries,Stranger Things,Stranger Things,0,2016,2025,60,"Drama,Fantasy,Horror",8.6,1737266
tt1520211,tvSeries,The Walking Dead,The Walking Dead,0,2010,2022,45,"Drama,Horror,Thriller",8.1,1212884
tt1475582,tvSeries,Sherlock,Sherlock,0,2010,2017,90,"Crime,Drama,Mystery",9.0,1099457
tt7366338,tvMiniSeries,Chernobyl,Chernobyl,0,2019,2019,60,"Drama,History,Thriller",9.3,1063166
tt1190634,tvSeries,The Boys,The Boys,0,2019,2026,60,"Action,Comedy,Crime",8.5,1024794
tt3032476,tvSeries,Better Call Saul,Better Call Saul,0,2015,2022,45,"Crime,Drama",9.0,862238
tt2442560,tvSeries,Peaky Blinders,Peaky Blinders,0,2013,2022,60,"Crime,Drama",8.7,792233
tt10919420,tvSeries,Squid Game,Ojing-eo geim,0,2021,2025,60,"Action,Crime,Drama",7.9,776166
tt2356777,tvSeries,True Detective,True Detective,0,2014,,60,"Crime,Drama,Mystery",8.8,769205
tt3581920,tvSeries,The Last of Us,The Last of Us,0,2023,,50,"Action,Adventure,Drama",8.4,749568
tt2085059,tvSeries,Black Mirror,Black Mirror,0,2011,,60,"Crime,Drama,Mystery",8.7,748177
tt2560140,tvSeries,Attack on Titan,Shingeki no kyojin,0,2013,2023,24,"Action,Adventure,Animation",9.1,745592
tt2861424,tvSeries,Rick and Morty,Rick and Morty,0,2013,,23,"Adventure,Animation,Comedy",9.0,711580
tt10048342,tvMiniSeries,The Queen's Gambit,The Queen's Gambit,0,2020,2020,60,Drama,8.5,677837
tt8111088,tvSeries,The Mandalorian,The Mandalorian,0,2019,2023,40,"Action,Adventure,Fantasy",8.6,665618
tt2306299,tvSeries,Vikings,Vikings,0,2013,2020,45,"Action,Adventure,Drama",8.5,649709
tt5180504,tvSeries,The Witcher,The Witcher,0,2019,,60,"Action,Adventure,Drama",7.8,624979
tt6468322,tvSeries,Money Heist,La casa de papel,0,2017,2021,60,"Action,Crime,Drama",8.2,618686
tt11198330,tvSeries,House of the Dragon,House of the Dragon,0,2022,,60,"Action,Adventure,Drama",8.3,568301
tt1856010,tvSeries,House of Cards,House of Cards,0,2013,2018,50,"Drama,Thriller",8.6,563193
tt0475784,tvSeries,Westworld,Westworld,0,2016,2022,60,"Drama,Mystery,Sci-Fi",8.4,561162
tt5753856,tvSeries,Dark,Dark,0,2017,2020,60,"Crime,Drama,Mystery",8.7,561153
tt1632701,tvSeries,Suits,Suits,0,2011,2019,45,"Comedy,Drama",8.4,549382
tt3322312,tvSeries,Daredevil,Daredevil,0,2015,2018,60,"Action,Crime,Drama",8.6,541673
tt2707408,tvSeries,Narcos,Narcos,0,2015,2017,50,"Biography,Crime,Drama",8.7,535976
tt13443470,tvSeries,Wednesday,Wednesday,0,2022,,45,"Comedy,Crime,Fantasy",8.0,508509
tt9140554,tvSeries,Loki,Loki,0,2021,2023,50,"Action,Adventure,Fantasy",8.2,485835
tt2802850,tvSeries,Fargo,Fargo,0,2014,2024,60,"Crime,Drama,Thriller",8.8,474872
tt4158110,tvSeries,Mr. Robot,Mr. Robot,0,2015,2019,45,"Crime,Drama,Thriller",8.5,474437
tt10986410,tvSeries,Ted Lasso,Ted Lasso,0,2020,,30,"Comedy,Drama,Sport",8.7,464078
tt2193021,tvSeries,Arrow,Arrow,0,2012,2020,42,"Action,Adventure,Crime",7.5,463129
tt11126994,tvSeries,Arcane,Arcane: League of Legends,0,2021,2024,40,"Action,Adventure,Animation",9.0,456107
tt7631058,tvSeries,The Lord of the Rings: The Rings of Power,The Lord of the Rings: The Rings of Power,0,2022,,60,"Action,Adventure,Drama",6.8,444514
tt9140560,tvMiniSeries,WandaVision,WandaVision,0,2021,2021,40,"Action,Comedy,Drama",7.9,424430
tt2467372,tvSeries,Brooklyn Nine-Nine,Brooklyn Nine-Nine,0,2013,2021,22,"Comedy,Crime",8.4,423587
tt5290382,tvSeries,Mindhunter,Mindhunter,0,2017,2019,60,"Crime,Drama,Mystery",8.6,405419
tt11280740,tvSeries,Severance,Severance,0,2022,,50,"Drama,Mystery,Sci-Fi",8.6,405372
tt7767422,tvSeries,Sex Education,Sex Education,0,2019,2023,60,"Comedy,Drama,Romance",8.2,403740
tt12637874,tvSeries,Fallout,Fallout,0,2024,,60,"Action,Adventure,Drama",8.3,403067
tt5071412,tvSeries,Ozark,Ozark,0,2017,2022,60,"Crime,Drama,Thriller",8.4,398899
tt4052886,tvSeries,Lucifer,Lucifer,0,2016,2021,45,"Crime,Drama,Fantasy",8.0,397584
tt3107288,tvSeries,The Flash,The Flash,0,2014,2023,43,"Action,Adventure,Drama",7.4,388550
tt1796960,tvSeries,Homeland,Homeland,0,2011,2020,60,"Crime,Drama,Mystery",8.3,388172
tt7335184,tvSeries,You,You,0,2018,2025,45,"Crime,Drama,Romance",7.6,375330
tt7660850,tvSeries,Succession,Succession,0,2018,2023,60,"Comedy,Drama",8.8,366952
tt1844624,tvSeries,American Horror Story,American Horror Story,0,2011,,60,"Drama,Horror,Sci-Fi",7.9,364552
tt6741278,tvSeries,Invincible,Invincible,0,2021,,50,"Action,Adventure,Animation",8.7,352431
tt1837492,tvSeries,13 Reasons Why,13 Reasons Why,0,2017,2020,60,"Drama,Mystery,Thriller",7.4,343097
tt2372162,tvSeries,Orange Is the New Black,Orange Is the New Black,0,2013,2019,60,"Comedy,Crime,Drama",8.0,338494
tt1586680,tvSeries,Shameless,Shameless,0,2011,2021,60,"Comedy,Drama",8.5,338434
tt6763664,tvMiniSeries,The Haunting of Hill House,The Haunting of Hill House,0,2018,2018,60,"Drama,Horror,Mystery",8.5,335864
tt13406094,tvSeries,The White Lotus,The White Lotus,0,2021,,60,"Comedy,Drama,Mystery",8.0,333720
tt14452776,tvSeries,The Bear,The Bear,0,2022,2026,1611,"Comedy,Drama",8.5,324982
tt8772296,tvSeries,Euphoria,Euphoria,0,2019,2026,60,Drama,8.1,324429
tt4236770,tvSeries,Yellowstone,Yellowstone,0,2018,2024,60,"Drama,Western",8.6,321277
tt14392248,tvSeries,Aspirants,Aspirants,0,2021,,45,Drama,9.1,319852
tt10234724,tvMiniSeries,Moon Knight,Moon Knight,0,2022,2022,50,"Action,Adventure,Fantasy",7.3,319291
tt1312171,tvSeries,The Umbrella Academy,The Umbrella Academy,0,2019,2024,60,"Action,Adventure,Comedy",7.8,317988
tt31806037,tvMiniSeries,Adolescence,Adolescence,0,2025,2025,60,"Crime,Drama,Thriller",8.1,315682
tt5675620,tvSeries,The Punisher,The Punisher,0,2017,2019,60,"Action,Crime,Drama",8.4,314030
tt2243973,tvSeries,Hannibal,Hannibal,0,2013,2015,45,"Crime,Drama,Horror",8.5,313751
tt9288030,tvSeries,Reacher,Reacher,0,2022,,50,"Action,Crime,Drama",8.0,311452
tt2661044,tvSeries,The 100,The 100,0,2014,2020,43,"Action,Drama,Mystery",7.5,307785
tt5834204,tvSeries,The Handmaid's Tale,The Handmaid's Tale,0,2017,2025,60,"Drama,Sci-Fi,Thriller",8.3,304519
tt2741602,tvSeries,The Blacklist,The Blacklist,0,2013,2023,43,"Crime,Drama,Mystery",7.9,303973
tt1442449,tvSeries,Spartacus,Spartacus,0,2010,2013,60,"Action,Adventure,Biography",8.4,297884
tt9208876,tvMiniSeries,The Falcon and the Winter Soldier,The Falcon and the Winter Soldier,0,2021,2021,50,"Action,Adventure,Drama",7.1,286179
tt9253284,tvSeries,Andor,Andor,0,2022,2025,60,"Adventure,Drama,Fantasy",8.6,285812
tt4786824,tvSeries,The Crown,The Crown,0,2016,2023,60,"Biography,Drama,History",8.6,284696
tt8466564,tvMiniSeries,Obi-Wan Kenobi,Obi-Wan Kenobi,0,2022,2022,45,"Action,Adventure,Sci-Fi",7.0,266932
tt1826940,tvSeries,New Girl,New Girl,0,2011,2018,22,"Comedy,Romance",7.8,265923
tt3749900,tvSeries,Gotham,Gotham,0,2014,2019,42,"Action,Crime,Drama",7.8,253272
tt5687612,tvSeries,Fleabag,Fleabag,0,2016,2019,30,"Comedy,Drama",8.7,252650
tt2788316,tvSeries,Shōgun,Shogun,0,2024,2026,60,"Action,Adventure,Drama",8.6,252151
tt6257970,tvSeries,The End of the F***ing World,The End of the F***ing World,0,2017,2019,25,"Adventure,Comedy,Crime",8.0,249454
tt1843230,tvSeries,Once Upon a Time,Once Upon a Time,0,2011,2018,60,"Adventure,Fantasy,Romance",7.6,249388
tt1606375,tvSeries,Downton Abbey,Downton Abbey,0,2010,2015,60,"Drama,Romance",8.7,248864
tt15435876,tvMiniSeries,The Penguin,The Penguin,0,2024,2024,60,"Crime,Drama",8.6,248701
tt10160804,tvMiniSeries,Hawkeye,Hawkeye,0,2021,2021,60,"Action,Adventure,Crime",7.4,248542
tt3920596,tvSeries,Big Little Lies,Big Little Lies,0,2017,2026,50,"Crime,Drama,Mystery",8.4,247994
tt7221388,tvSeries,Cobra Kai,Cobra Kai,0,2018,2025,30,"Action,Comedy,Drama",8.4,246584
tt2357547,tvSeries,Jessica Jones,Jessica Jones,0,2015,2019,56,"Action,Crime,Drama",7.8,242071
tt3398228,tvSeries,BoJack Horseman,BoJack Horseman,0,2014,2020,25,"Animation,Comedy,Drama",8.8,238677
tt14688458,tvSeries,Silo,Silo,0,2023,,49,"Adventure,Drama,Mystery",8.1,237817
tt2364582,tvSeries,Agents of S.H.I.E.L.D.,Agents of S.H.I.E.L.D.,0,2013,2020,45,"Action,Adventure,Sci-Fi",7.5,237073
tt9335498,tvSeries,Demon Slayer: Kimetsu no Yaiba,Kimetsu no Yaiba,0,2019,2024,24,"Action,Adventure,Animation",8.5,236616
tt8740790,tvSeries,Bridgerton,Bridgerton,0,2020,,60,"Drama,Romance",7.5,232990
tt9561862,tvSeries,"Love, Death & Robots","Love, Death & Robots",0,2019,,15,"Action,Adventure,Animation",8.4,232482
tt4508902,tvSeries,One Punch Man,One Punch Man: Wanpanman,0,2015,,24,"Action,Animation,Comedy",8.6,230068
tt10155688,tvMiniSeries,Mare of Easttown,Mare of Easttown,0,2021,2021,60,"Crime,Drama,Mystery",8.4,227210
tt13207736,tvSeries,Monster,Monster,0,2022,,60,"Biography,Crime,Drama",7.7,226240
tt4955642,tvSeries,The Good Place,The Good Place,0,2016,2020,22,"Comedy,Drama,Fantasy",8.2,224930
tt12343534,tvSeries,Jujutsu Kaisen,Jujutsu Kaisen,0,2020,,24,"Action,Adventure,Animation",8.5,220912
tt0979432,tvSeries,Boardwalk Empire,Boardwalk Empire,0,2010,2014,60,"Crime,Drama",8.5,220060
tt1839578,tvSeries,Person of Interest,Person of Interest,0,2011,2016,43,"Action,Crime,Drama",8.5,215333
tt13668894,tvMiniSeries,The Book of Boba Fett,The Book of Boba Fett,0,2021,2022,50,"Action,Adventure,Sci-Fi",7.1,213170
tt10857160,tvMiniSeries,She Hulk: Attorney at Law,She-Hulk: Attorney at Law,0,2022,2022,35,"Action,Adventure,Comedy",5.2,212930
tt1751634,tvSeries,The Sandman,The Sandman,0,2022,2025,45,"Drama,Fantasy,Horror",7.6,212090
tt11737520,tvSeries,One Piece,One Piece,0,2023,,60,"Action,Adventure,Comedy",8.3,210887
tt9813792,tvSeries,From,From,0,2022,,52,"Drama,Horror,Mystery",7.8,207102
tt11691774,tvSeries,Only Murders in the Building,Only Murders in the Building,0,2021,,30,"Comedy,Crime,Drama",8.0,206942
tt2098220,tvSeries,Hunter X Hunter,Hunter x Hunter,0,2011,2014,24,"Action,Adventure,Animation",9.0,204546
tt3006802,tvSeries,Outlander,Outlander,0,2014,2026,60,"Adventure,Drama,Fantasy",8.3,204410
tt2261227,tvSeries,Altered Carbon,Altered Carbon,0,2018,2020,60,"Action,Adventure,Drama",7.9,204188
tt2401256,tvMiniSeries,The Night Of,The Night Of,0,2016,2016,60,"Crime,Drama,Mystery",8.4,199640
tt13146488,tvSeries,Peacemaker,Peacemaker,0,2022,2025,40,"Action,Adventure,Comedy",8.2,198960
tt5057054,tvSeries,Jack Ryan,Jack Ryan,0,2018,2023,60,"Action,Crime,Drama",8.0,196822
tt13649112,tvMiniSeries,Baby Reindeer,Baby Reindeer,0,2024,2024,30,"Biography,Comedy,Drama",7.7,196347
tt3230854,tvSeries,The Expanse,The Expanse,0,2015,2022,60,"Drama,Mystery,Sci-Fi",8.5,194790
tt4179452,tvSeries,The Last Kingdom,The Last Kingdom,0,2015,2022,60,"Action,Drama,History",8.5,192735
tt1578873,tvSeries,Pretty Little Liars,Pretty Little Liars,0,2010,2017,44,"Drama,Mystery,Romance",7.3,190204
tt13210838,tvSeries,The Gentlemen,The Gentlemen,0,2024,,50,"Action,Comedy,Crime",8.0,188679
tt13016388,tvSeries,3 Body Problem,3 Body Problem,0,2024,,60,"Adventure,Drama,Fantasy",7.5,184909
tt1865718,tvSeries,Gravity Falls,Gravity Falls,0,2012,2016,23,"Adventure,Animation,Comedy",8.9,184622
tt2575988,tvSeries,Silicon Valley,Silicon Valley,0,2014,2019,30,Comedy,8.5,184333
tt8420184,tvMiniSeries,The Last Dance,The Last Dance,0,2020,2020,50,"Biography,Documentary,History",9.0,183998
tt1567432,tvSeries,Teen Wolf,Teen Wolf,0,2011,2017,41,"Action,Drama,Fantasy",7.7,181618
tt3205802,tvSeries,How to Get Away with Murder,How to Get Away with Murder,0,2014,2020,45,"Crime,Drama,Mystery",8.1,180221
tt14403178,tvSeries,Beef,Beef,0,2023,,30,"Comedy,Drama",8.0,180064
tt3526078,tvSeries,Schitt's Creek,Schitt$ Creek,0,2015,2020,22,Comedy,8.5,176892
tt5491994,tvMiniSeries,Planet Earth II,Planet Earth II,0,2016,2016,50,"Documentary,Family",9.4,176708
tt5555260,tvSeries,This Is Us,This Is Us,0,2016,2022,45,"Comedy,Drama,Romance",8.7,176503
tt12392504,tvMiniSeries,Scam 1992: The Harshad Mehta Story,Scam 1992: The Harshad Mehta Story,0,2020,2020,60,"Biography,Crime,Drama",9.2,174994
tt10574558,tvMiniSeries,Midnight Mass,Midnight Mass,0,2021,2021,60,"Drama,Fantasy,Horror",7.7,173648
tt22202452,tvSeries,Pluribus,Pluribus,0,2025,,60,"Drama,Sci-Fi",7.9,173289
tt7493974,tvMiniSeries,Bodyguard,Bodyguard,0,2018,2018,60,"Crime,Drama,Mystery",8.0,173132
tt2431438,tvSeries,Sense8,Sense8,0,2015,2018,60,"Drama,Mystery,Sci-Fi",8.2,172803
tt8398600,tvSeries,After Life,After Life,0,2019,2022,30,"Comedy,Drama",8.4,171460
tt13991232,tvMiniSeries,1883,1883,0,2021,2022,60,"Drama,Western",8.6,171041
tt31938062,tvSeries,The Pitt,The Pitt,0,2025,,50,Drama,8.9,168917
tt5420376,tvSeries,Riverdale,Riverdale,0,2017,2023,45,"Crime,Drama,Mystery",6.4,167296
tt7462410,tvSeries,The Wheel of Time,The Wheel of Time,0,2021,2025,60,"Action,Adventure,Drama",7.2,165731
tt1474684,tvSeries,Luther,Luther,0,2010,2019,60,"Crime,Drama,Mystery",8.4,165055
tt3647998,tvSeries,Taboo,Taboo,0,2017,2017,60,"Drama,Mystery,Thriller",8.3,164911
tt13918776,tvSeries,The Night Agent,The Night Agent,0,2023,2027,45,"Action,Drama,Thriller",7.4,164877
tt10168312,tvSeries,What If...?,What If...?,0,2021,2024,32,"Action,Adventure,Animation",7.3,163024
tt2632424,tvSeries,The Originals,The Originals,0,2013,2018,45,"Drama,Fantasy,Horror",8.2,162695
tt14164730,tvMiniSeries,Dexter: New Blood,Dexter: New Blood,0,2021,2022,60,"Crime,Drama,Mystery",8.0,161617
tt2531336,tvSeries,Lupin,Lupin,0,2021,,45,"Action,Crime,Drama",7.5,161569
tt7137906,tvMiniSeries,When They See Us,When They See Us,0,2019,2019,75,"Biography,Crime,Drama",8.8,161485
tt5788792,tvSeries,The Marvelous Mrs. Maisel,The Marvelous Mrs. Maisel,0,2017,2023,60,"Comedy,Drama",8.6,160354
tt13159924,tvSeries,Gen V,Gen V,0,2023,2025,50,"Action,Adventure,Comedy",7.6,156638
tt7016936,tvSeries,Killing Eve,Killing Eve,0,2018,2022,42,"Action,Adventure,Drama",8.0,155761
tt33043892,tvSeries,Dexter: Resurrection,Dexter: Resurrection,0,2025,,50,"Crime,Drama,Mystery",9.0,155367
tt3743822,tvSeries,Fear the Walking Dead,Fear the Walking Dead,0,2015,2023,44,"Drama,Horror,Sci-Fi",6.7,155223
tt5875444,tvSeries,Slow Horses,Slow Horses,0,2022,,50,"Drama,Thriller",8.3,155117
tt1695360,tvSeries,The Legend of Korra,The Legend of Korra,0,2012,2014,23,"Action,Adventure,Animation",8.3,154368
tt6048596,tvSeries,The Sinner,The Sinner,0,2017,2021,45,"Crime,Drama,Mystery",7.8,154149
tt6226232,tvSeries,Young Sheldon,Young Sheldon,0,2017,2024,30,Comedy,7.8,152561
tt7203552,tvSeries,The Morning Show,The Morning Show,0,2019,2027,60,Drama,8.1,152291
tt10795658,tvSeries,Alice in Borderland,Imawa no Kuni no Arisu,0,2020,2025,50,"Action,Drama,Horror",7.8,152079
tt2017109,tvSeries,Banshee,Banshee,0,2013,2016,60,"Action,Crime,Drama",8.4,151162
tt3322310,tvSeries,Iron Fist,Iron Fist,0,2017,2018,60,"Action,Adventure,Crime",6.4,151155
tt10233448,tvSeries,Vinland Saga,Vinland Saga,0,2019,2023,24,"Action,Adventure,Animation",8.9,150337
tt3322314,tvSeries,Luke Cage,Luke Cage,0,2016,2018,60,"Action,Crime,Drama",7.2,150292
tt7049682,tvMiniSeries,Watchmen,Watchmen,0,2019,2019,60,"Crime,Drama,Mystery",8.2,148172
tt4301160,tvMiniSeries,Black Bird,Black Bird,0,2022,2022,58,"Biography,Crime,Drama",8.1,147927
tt10970552,tvMiniSeries,The Haunting of Bly Manor,The Haunting of Bly Manor,0,2020,2020,60,"Drama,Horror,Mystery",7.4,147102
tt5171438,tvSeries,Star Trek: Discovery,Star Trek: Discovery,0,2017,2024,60,"Action,Adventure,Drama",6.9,147052
tt12262202,tvSeries,The Acolyte,The Acolyte,0,2024,2024,40,"Action,Adventure,Fantasy",4.3,145943
tt5348176,tvSeries,Barry,Barry,0,2018,2023,30,"Action,Comedy,Crime",8.3,145704
tt0374463,tvMiniSeries,The Pacific,The Pacific,0,2010,2010,60,"Action,Adventure,Drama",8.3,145599
tt13622776,tvSeries,Ahsoka,Ahsoka,0,2023,,50,"Action,Adventure,Fantasy",7.4,144826
tt8962124,tvSeries,Emily in Paris,Emily in Paris,0,2020,2026,30,"Comedy,Drama,Romance",6.8,144686
tt2249364,tvSeries,Broadchurch,Broadchurch,0,2013,2017,48,"Crime,Drama,Mystery",8.3,144182
tt26693803,tvMiniSeries,King the Land,King deo raendeu,0,2023,2023,60,"Comedy,Drama,Romance",5.9,143567
tt1399664,tvSeries,The Night Manager,The Night Manager,0,2016,,60,"Crime,Drama,Mystery",8.0,142630
tt1830617,tvSeries,Grimm,Grimm,0,2011,2017,45,"Action,Adventure,Crime",7.9,142264
tt2649356,tvMiniSeries,Sharp Objects,Sharp Objects,0,2018,2018,60,"Crime,Drama,Mystery",8.0,141516
tt2395695,tvMiniSeries,Cosmos: A Spacetime Odyssey,Cosmos: A Spacetime Odyssey,0,2014,2014,45,"Documentary,Family",9.2,141003
tt2628232,tvSeries,Penny Dreadful,Penny Dreadful,0,2014,2016,54,"Drama,Fantasy,Horror",8.2,140756
tt7909970,tvMiniSeries,Unbelievable,Unbelievable,0,2019,2019,48,"Crime,Drama",8.3,139251
tt15567174,tvMiniSeries,The Fall of the House of Usher,The Fall of the House of Usher,0,2023,2023,60,"Drama,Horror,Mystery",7.9,137702
tt24053860,tvSeries,The Day of the Jackal,The Day of the Jackal,0,2024,,,"Action,Crime,Drama",8.1,137041
tt1870479,tvSeries,The Newsroom,The Newsroom,0,2012,2014,60,Drama,8.6,136464
tt1305826,tvSeries,Adventure Time,Adventure Time,0,2010,2018,23,"Action,Adventure,Animation",8.7,136298
tt4016454,tvSeries,Supergirl,Supergirl,0,2015,2021,43,"Action,Adventure,Drama",6.2,136057
tt1637727,tvSeries,The Killing,The Killing,0,2011,2014,45,"Crime,Drama,Mystery",8.3,135606
tt7587890,tvSeries,The Rookie,The Rookie,0,2018,,43,"Action,Crime,Drama",8.0,135127
tt12590266,tvSeries,Cyberpunk: Edgerunners,Cyberpunk: Edgerunners,0,2022,,24,"Action,Adventure,Animation",8.3,134535
tt2699128,tvSeries,The Leftovers,The Leftovers,0,2014,2017,60,"Drama,Fantasy,Mystery",8.3,134153
tt10857164,tvMiniSeries,Ms. Marvel,Ms. Marvel,0,2022,2022,50,"Action,Adventure,Comedy",6.2,133834
tt2294189,tvSeries,The Fall,The Fall,0,2013,2016,60,"Crime,Drama,Thriller",8.1,133612
tt1489428,tvSeries,Justified,Justified,0,2010,2015,45,"Action,Crime,Drama",8.6,132508
tt6470478,tvSeries,The Good Doctor,The Good Doctor,0,2017,2024,45,Drama,8.0,132204
tt15677150,tvSeries,Shrinking,Shrinking,0,2023,,33,"Comedy,Drama",8.2,130650
tt1837642,tvSeries,Revenge,Revenge,0,2011,2015,44,"Drama,Mystery,Thriller",7.8,130263
tt11743610,tvSeries,The Terminal List,The Terminal List,0,2022,,60,"Action,Drama,Thriller",7.9,130160
tt4230076,tvMiniSeries,The Defenders,The Defenders,0,2017,2017,50,"Action,Adventure,Crime",7.2,129471
tt7908628,tvSeries,What We Do in the Shadows,What We Do in the Shadows,0,2019,2024,30,"Comedy,Fantasy,Horror",8.5,129098
tt4635282,tvSeries,The OA,The OA,0,2016,2019,60,"Drama,Fantasy,Mystery",7.8,128902
tt0804484,tvSeries,Foundation,Foundation,0,2021,,60,"Drama,Sci-Fi",7.6,128862
tt2191671,tvSeries,Elementary,Elementary,0,2012,2019,60,"Action,Adventure,Crime",7.9,127846
tt1869454,tvSeries,Good Omens,Good Omens,0,2019,2026,55,"Comedy,Drama,Fantasy",8.0,127494
tt2375692,tvSeries,Black Sails,Black Sails,0,2014,2017,60,"Action,Adventure,Drama",8.2,127154
tt2188671,tvSeries,Bates Motel,Bates Motel,0,2013,2017,45,"Drama,Horror,Mystery",8.1,127089
tt14650074,tvSeries,Dhindora,Dhindora,0,2021,,25,"Comedy,Drama",8.8,126944
tt5626028,tvSeries,My Hero Academia,Boku no Hîrô Akademia,0,2016,2026,24,"Action,Adventure,Animation",8.2,126889
tt1740299,tvSeries,The Man in the High Castle,The Man in the High Castle,0,2015,2019,60,"Drama,Sci-Fi,Thriller",7.9,126332
tt2149175,tvSeries,The Americans,The Americans,0,2013,2018,44,"Crime,Drama,Mystery",8.4,126326
tt2403776,tvSeries,Shadow and Bone,Shadow and Bone,0,2021,2023,60,"Action,Adventure,Drama",7.5,126009
tt2234222,tvSeries,Orphan Black,Orphan Black,0,2013,2017,44,"Drama,Sci-Fi,Thriller",8.3,125994
tt2879552,tvMiniSeries,11.22.63,11.22.63,0,2016,2016,60,"Drama,Mystery,Romance",8.0,125881
tt9319668,tvSeries,1899,1899,0,2022,2022,60,"Adventure,Drama,Thriller",7.3,125397
tt31510819,tvSeries,MobLand,MobLand,0,2025,,50,"Crime,Drama",8.3,123202
tt11337908,tvMiniSeries,Maid,Maid,0,2021,2021,60,Drama,8.3,122650
tt21209876,tvSeries,Solo Leveling,Ore dake reberu appu na ken,0,2024,,,"Action,Adventure,Animation",8.5,121085
tt1043813,tvSeries,Titans,Titans,0,2018,2023,45,"Action,Adventure,Crime",7.4,120831
tt16358384,tvSeries,Tulsa King,Tulsa King,0,2022,,40,"Action,Crime,Drama",7.9,120708
tt7569592,tvSeries,Chilling Adventures of Sabrina,Chilling Adventures of Sabrina,0,2018,2020,60,"Drama,Fantasy,Horror",7.4,120346
tt12004706,tvSeries,Panchayat,Panchayat,0,2020,,,"Comedy,Drama",9.0,119640
tt1553656,tvSeries,Under the Dome,Under the Dome,0,2013,2015,43,"Drama,Mystery,Sci-Fi",6.5,119585
tt8550800,tvMiniSeries,The Outsider,The Outsider,0,2020,2020,60,"Crime,Drama,Horror",7.6,119319
tt8134470,tvMiniSeries,The Undoing,The Undoing,0,2020,2020,60,"Crime,Drama,Mystery",7.4,119161
tt4270492,tvSeries,Billions,Billions,0,2016,2023,60,Drama,8.3,119114
tt27995114,tvSeries,Dept. Q,Dept. Q,0,2025,,60,"Crime,Drama,Mystery",8.1,118966
tt9059760,tvMiniSeries,Normal People,Normal People,0,2020,2020,28,"Drama,Romance",8.4,118831
tt19244304,tvSeries,It: Welcome to Derry,IT: Welcome to Derry,0,2025,,60,"Fantasy,Horror",7.9,118676
tt7520794,tvSeries,Russian Doll,Russian Doll,0,2019,2022,30,"Comedy,Drama,Mystery",7.7,117209
tt14954666,tvSeries,The Idol,The Idol,0,2023,2023,60,"Drama,Music",4.4,117041
tt11041332,tvSeries,Yellowjackets,Yellowjackets,0,2021,,60,"Drama,Horror,Mystery",7.7,117019
tt5296406,tvSeries,Designated Survivor,Designated Survivor,0,2016,2019,60,"Action,Drama,Mystery",7.4,116696
tt1845307,tvSeries,2 Broke Girls,2 Broke Girls,0,2011,2017,22,Comedy,6.7,116328
tt18923754,tvSeries,Daredevil: Born Again,Daredevil: Born Again,0,2025,,60,"Action,Crime,Drama",8.1,116271
tt14186672,tvSeries,Landman,Landman,0,2024,,60,"Crime,Drama,Western",8.2,115716
tt4532368,tvSeries,Legends of Tomorrow,Legends of Tomorrow,0,2016,2022,42,"Action,Adventure,Drama",6.7,115368
tt6315640,tvSeries,Atypical,Atypical,0,2017,2021,30,"Comedy,Drama",8.2,115086
tt5232792,tvSeries,Lost in Space,Lost in Space,0,2018,2021,60,"Adventure,Drama,Family",7.3,114615
tt35495073,tvSeries,Heated Rivalry,Heated Rivalry,0,2025,,50,"Drama,Romance,Sport",8.7,114123
tt10293938,tvSeries,Outer Banks,Outer Banks,0,2020,2026,50,"Action,Adventure,Crime",7.5,114121
tt9544034,tvSeries,The Family Man,The Family Man,0,2019,,45,"Action,Comedy,Crime",8.6,114059
tt7949218,tvSeries,See,See,0,2019,2022,60,"Action,Drama,Sci-Fi",7.6,112439
tt14986406,tvSeries,Bleach: Thousand-Year Blood War,Bleach: Sennen Kessen-hen,0,2022,,24,"Action,Adventure,Animation",9.0,112420
tt8064302,tvSeries,Dead to Me,Dead to Me,0,2019,2022,30,"Comedy,Crime,Drama",7.9,111491
tt2934286,tvSeries,Halo,Halo,0,2022,2024,60,"Action,Adventure,Sci-Fi",7.3,111457
tt13616990,tvSeries,Chainsaw Man,Chainsaw Man,0,2022,2022,24,"Action,Animation,Fantasy",8.3,111329
tt10813940,tvSeries,Ginny & Georgia,Ginny & Georgia,0,2021,,,"Comedy,Drama",7.5,110768
tt5691552,tvSeries,The Orville,The Orville,0,2017,2022,45,"Adventure,Comedy,Sci-Fi",8.0,110709
tt13623632,tvSeries,Alien: Earth,Alien: Earth,0,2025,,55,"Drama,Horror,Sci-Fi",7.1,109488
tt3007572,tvSeries,Locke & Key,Locke & Key,0,2020,2022,48,"Drama,Fantasy,Horror",7.3,109336
tt5189670,tvSeries,Making a Murderer,Making a Murderer,0,2015,2018,60,"Crime,Documentary",8.5,109033
tt13309742,tvSeries,Blue Eye Samurai,Blue Eye Samurai,0,2023,,45,"Action,Adventure,Animation",8.7,107161
tt8421350,tvSeries,Manifest,Manifest,0,2018,2023,43,"Drama,Mystery,Sci-Fi",7.0,106807
tt18335752,tvSeries,1923,1923,0,2022,2025,60,"Drama,Western",8.3,106783
tt3530232,tvSeries,Last Week Tonight with John Oliver,Last Week Tonight with John Oliver,0,2014,,30,"Comedy,News,Talk-Show",8.8,105954
tt5114356,tvSeries,Legion,Legion,0,2017,2019,60,"Action,Sci-Fi,Thriller",8.1,104622
tt1831164,tvSeries,Leyla and Mecnun,Leyla ile Mecnun,0,2011,2023,90,"Adventure,Comedy,Drama",9.0,103950
tt1561755,tvSeries,Bob's Burgers,Bob's Burgers,0,2011,,22,"Animation,Comedy",8.2,103670
tt7134908,tvSeries,Elite,Élite,0,2018,2024,60,"Crime,Drama,Thriller",7.1,103317
tt2788432,tvSeries,American Crime Story,American Crime Story,0,2016,2021,42,"Biography,Crime,Drama",8.4,103080
tt8714904,tvSeries,Narcos: Mexico,Narcos: México,0,2018,2021,60,"Biography,Crime,Drama",8.3,102824
tt8806524,tvSeries,Star Trek: Picard,Star Trek: Picard,0,2020,2023,46,"Action,Adventure,Drama",7.5,102488
tt13833978,tvSeries,The Lincoln Lawyer,The Lincoln Lawyer,0,2022,2027,60,"Crime,Drama,Mystery",7.8,100786
tt17491088,tvSeries,The Diplomat,The Diplomat,0,2023,,50,"Drama,Thriller",8.0,100402
tt2249007,tvSeries,Ray Donovan,Ray Donovan,0,2013,2020,60,"Crime,Drama",8.3,100285
tt4288182,tvSeries,Atlanta,Atlanta,0,2016,2022,30,"Comedy,Drama,Music",8.6,99978
tt9815454,tvMiniSeries,Unorthodox,Unorthodox,0,2020,2020,50,Drama,8.0,99858
tt1462059,tvSeries,Falling Skies,Falling Skies,0,2011,2015,42,"Action,Adventure,Drama",7.1,99638
tt6524350,tvSeries,Big Mouth,Big Mouth,0,2017,2025,30,"Animation,Comedy,Romance",7.8,99629
tt3502248,tvSeries,Bosch,Bosch,0,2014,2021,50,"Crime,Drama",8.5,99090
tt1898069,tvSeries,American Gods,American Gods,0,2017,2021,60,"Drama,Fantasy,Mystery",7.6,99078
tt6077448,tvSeries,Sacred Games,Sacred Games,0,2018,2019,,"Action,Crime,Drama",8.5,98927
tt17677860,tvSeries,Presumed Innocent,Presumed Innocent,0,2024,,,"Crime,Drama,Mystery",7.7,98538
tt2071645,tvSeries,The Following,The Following,0,2013,2015,43,"Crime,Drama,Horror",7.4,97283
tt10062292,tvSeries,Never Have I Ever,Never Have I Ever,0,2020,2023,30,"Comedy,Drama",7.8,96949
tt13111078,tvSeries,Lioness,Lioness,0,2023,,42,"Action,Drama,Thriller",7.8,96644
tt9698442,tvMiniSeries,Behind Her Eyes,Behind Her Eyes,0,2021,2021,50,"Drama,Mystery,Thriller",7.2,96563
tt1910272,tvSeries,Steins; Gate,Steins; Gate,0,2011,2015,24,"Animation,Comedy,Drama",8.8,96498
tt3475734,tvSeries,Agent Carter,Agent Carter,0,2015,2016,45,"Action,Adventure,Crime",7.8,96475
tt6517102,tvSeries,Castlevania,Castlevania,0,2017,2021,23,"Action,Adventure,Animation",8.3,96439
tt5712554,tvSeries,The Grand Tour,The Grand Tour,0,2016,2024,60,"Adventure,Comedy,Sport",8.7,96113
tt5607976,tvSeries,His Dark Materials,His Dark Materials,0,2019,2022,60,"Adventure,Drama,Fantasy",7.7,95745
tt10638036,tvSeries,Heartstopper,Heartstopper,0,2022,2024,30,"Drama,Romance",8.5,95531
tt14852808,tvSeries,The Watcher,The Watcher,0,2022,,,"Drama,Horror,Mystery",6.5,95095
tt6473300,tvSeries,Mirzapur,Mirzapur,0,2018,,60,"Action,Crime,Drama",8.4,94978
tt19854762,tvSeries,Hijack,Hijack,0,2023,,47,"Drama,Thriller",7.3,94936
tt14169960,tvSeries,All of Us Are Dead,Jigeum uri hakgyoneun,0,2022,,60,"Action,Drama,Fantasy",7.6,94819
tt9174558,tvMiniSeries,Dopesick,Dopesick,0,2021,2021,60,Drama,8.6,94559
tt2654620,tvSeries,The Strain,The Strain,0,2014,2017,43,"Drama,Fantasy,Horror",7.3,94238
tt5580146,tvMiniSeries,Maniac,Maniac,0,2018,2018,40,"Comedy,Drama,Sci-Fi",7.6,94037
tt9170108,tvSeries,Raised by Wolves,Raised by Wolves,0,2020,2022,55,"Drama,Fantasy,Sci-Fi",7.4,93623
tt9432978,tvSeries,Kota Factory,Kota Factory,0,2019,2021,40,"Comedy,Drama",9.0,93433
tt9018736,tvSeries,Avatar: The Last Airbender,Avatar: The Last Airbender,0,2024,,55,"Action,Adventure,Comedy",7.1,93415
tt7772588,tvSeries,For All Mankind,For All Mankind,0,2019,2027,60,"Drama,Sci-Fi",8.1,93265
tt13157618,tvMiniSeries,Secret Invasion,Secret Invasion,0,2023,2023,45,"Action,Adventure,Mystery",5.8,92732
tt8291284,tvSeries,The Peripheral,The Peripheral,0,2022,2022,60,"Drama,Mystery,Sci-Fi",7.5,92658
tt5516154,tvMiniSeries,Godless,Godless,0,2017,2017,65,"Action,Drama,Western",8.2,92437
tt33503491,tvSeries,When the Phone Rings,Jigeum Geosin Jeonhwaneun,0,2024,2025,60,"Drama,Mystery,Romance",6.0,92375
tt15571732,tvMiniSeries,Agatha All Along,Agatha All Along,0,2024,2024,40,"Action,Adventure,Comedy",7.2,92125
tt3718778,tvMiniSeries,Over the Garden Wall,Over the Garden Wall,0,2014,2014,11,"Adventure,Animation,Comedy",8.7,92030
tt5607616,tvSeries,Re: Zero - Starting Life in Another World,Re:Zero kara Hajimeru Isekai Seikatsu,0,2016,,24,"Adventure,Animation,Drama",8.3,91864
tt4093826,tvSeries,Twin Peaks,Twin Peaks,0,2017,2017,60,"Crime,Drama,Horror",8.5,91690
tt11823076,tvSeries,Tiger King,Tiger King,0,2020,2021,45,"Biography,Crime,Documentary",7.5,91542
tt8690918,tvSeries,Resident Alien,Resident Alien,0,2021,2025,45,"Comedy,Drama,Mystery",8.0,91530
tt8740976,tvMiniSeries,Inventing Anna,Inventing Anna,0,2022,2022,65,"Biography,Drama",6.9,91476
tt7826376,tvSeries,Upload,Upload,0,2020,2025,30,"Comedy,Mystery,Sci-Fi",7.7,91333
tt10541088,tvSeries,Clarkson's Farm,Clarkson's Farm,0,2021,,45,"Comedy,Documentary,Reality-TV",9.0,90296
tt0489974,tvSeries,Carnival Row,Carnival Row,0,2019,2023,56,"Crime,Drama,Fantasy",7.6,89477
tt1641349,tvSeries,Terra Nova,Terra Nova,0,2011,2011,46,"Adventure,Drama,Mystery",6.7,89125
tt27444205,tvSeries,Paradise,Paradise,0,2025,,,"Action,Drama,Mystery",7.9,88955
tt2070791,tvSeries,Revolution,Revolution,0,2012,2014,43,"Action,Adventure,Drama",6.6,88453
tt27528139,tvMiniSeries,Queen Cleopatra,Queen Cleopatra,0,2023,2023,45,"Documentary,Drama,History",1.2,88188
tt30263074,tvSeries,Sapne Vs Everyone,Sapne vs Everyone,0,2023,,60,Drama,9.2,87746
tt24069848,tvMiniSeries,American Primeval,American Primeval,0,2025,2025,50,"Action,Drama,Thriller",8.0,87605
tt5016504,tvSeries,Preacher,Preacher,0,2016,2019,60,"Adventure,Comedy,Fantasy",7.9,87526
tt4189022,tvSeries,Ash vs Evil Dead,Ash vs Evil Dead,0,2015,2018,30,"Action,Comedy,Horror",8.4,86632
tt4477976,tvSeries,Superstore,Superstore,0,2015,2021,22,Comedy,7.8,86551
tt4474344,tvSeries,Blindspot,Blindspot,0,2015,2020,42,"Action,Crime,Drama",7.3,86487
tt1492966,tvSeries,Louie,Louie,0,2010,2015,22,"Comedy,Drama",8.5,85656
tt1733785,tvSeries,The Bridge,Bron/Broen,0,2011,2018,60,"Crime,Mystery,Thriller",8.6,85472
tt3741634,tvMiniSeries,Tokyo Ghoul,Tokyo Ghoul,0,2014,2014,24,"Action,Animation,Drama",7.7,85338
tt1837576,tvSeries,Scandal,Scandal,0,2012,2018,43,"Drama,Thriller",7.7,85010
tt2189461,tvSeries,Marco Polo,Marco Polo,0,2014,2016,60,"Action,Adventure,Drama",7.9,84826
tt26933824,tvSeries,Nobody Wants This,Nobody Wants This,0,2024,,30,"Comedy,Drama,Romance",7.7,84791
tt22248376,tvSeries,Frieren: Beyond Journey's End,Sôsô no Furîren,0,2023,,25,"Adventure,Animation,Comedy",8.9,84179
tt1600194,tvSeries,Hawaii Five-0,Hawaii Five-0,0,2010,2020,42,"Action,Adventure,Comedy",7.4,84174
tt5580540,tvSeries,Santa Clarita Diet,Santa Clarita Diet,0,2017,2019,30,"Comedy,Horror",7.8,84127
tt9446688,tvSeries,I Am Not Okay with This,I Am Not Okay with This,0,2020,2020,20,"Comedy,Drama,Fantasy",7.5,84046
tt1723816,tvSeries,Girls,Girls,0,2012,2017,30,"Comedy,Drama",7.4,84044
tt3339966,tvSeries,Unbreakable Kimmy Schmidt,Unbreakable Kimmy Schmidt,0,2015,2019,30,Comedy,7.5,84044
tt5421602,tvSeries,Anne with an E,Anne with an E,0,2017,2019,60,"Drama,Family",8.6,83238
tt2303687,tvSeries,Line of Duty,Line of Duty,0,2012,,60,"Crime,Drama,Mystery",8.7,82315
tt14153790,tvSeries,Velma,Velma,0,2023,2024,25,"Adventure,Animation,Comedy",1.7,81759
tt2094262,tvSeries,Da Vinci's Demons,Da Vinci's Demons,0,2013,2015,60,"Adventure,Biography,Drama",7.9,81677
tt2304589,tvMiniSeries,Defending Jacob,Defending Jacob,0,2020,2020,50,"Crime,Drama,Mystery",7.7,81193
tt5363918,tvSeries,Disenchantment,Disenchantment,0,2018,2023,30,"Action,Adventure,Animation",7.2,81185
tt7440726,tvSeries,Your Honor,Your Honor,0,2020,2023,60,"Crime,Drama,Thriller",7.6,80633
tt7423538,tvSeries,Ratched,Ratched,0,2020,2020,60,"Crime,Drama,History",7.2,80613
tt4742876,tvSeries,TVF Pitchers,TVF Pitchers,0,2015,2022,40,"Comedy,Drama",9.0,80151
tt28013708,tvSeries,Task,Task,0,2025,,60,"Crime,Drama,Thriller",7.9,79835
tt14661396,tvMiniSeries,Queen Charlotte: A Bridgerton Story,Queen Charlotte: A Bridgerton Story,0,2023,2023,58,"Drama,History,Romance",7.6,79820
tt7120662,tvSeries,Derry Girls,Derry Girls,0,2018,2022,30,Comedy,8.5,79691
tt3501584,tvSeries,iZombie,iZombie,0,2015,2019,42,"Comedy,Crime,Drama",7.8,79677
tt12809988,tvSeries,Sweet Tooth,Sweet Tooth,0,2021,2024,50,"Action,Adventure,Drama",7.7,79664
tt4635276,tvSeries,Master of None,Master of None,0,2015,2021,30,"Comedy,Drama",8.2,79103
tt19231492,tvSeries,Dark Matter,Dark Matter,0,2024,,,"Drama,Sci-Fi,Thriller",7.6,78979
tt12327578,tvSeries,Star Trek: Strange New Worlds,Star Trek: Strange New Worlds,0,2022,2027,52,"Action,Adventure,Sci-Fi",8.2,78773
tt31974367,tvMiniSeries,The Beast in Me,The Beast in Me,0,2025,2025,50,"Drama,Mystery,Thriller",7.4,78700
tt2891574,tvSeries,Ballers,Ballers,0,2015,2019,30,"Comedy,Drama,Sport",7.6,78656
tt14016500,tvSeries,The Summer I Turned Pretty,The Summer I Turned Pretty,0,2022,2025,45,"Drama,Romance",7.2,77886
tt4145054,tvSeries,Shadowhunters,Shadowhunters: The Mortal Instruments,0,2016,2019,42,"Action,Drama,Fantasy",6.5,77530
tt28227737,tvSeries,Sandeep Bhaiya,Sandeep Bhaiya,0,2023,2023,,Drama,9.0,77390
tt5249462,tvMiniSeries,Erased,Boku dake ga inai machi,0,2016,2016,22,"Animation,Crime,Drama",8.4,76946
tt1710308,tvSeries,Regular Show,Regular Show,0,2010,2017,23,"Action,Adventure,Animation",8.6,76659
tt9612516,tvSeries,Space Force,Space Force,0,2020,2022,30,Comedy,6.7,76564
tt9680440,tvSeries,Paatal Lok,Paatal Lok,0,2020,,44,"Action,Crime,Drama",8.2,76339
tt27995113,tvSeries,Black Doves,Black Doves,0,2024,,55,"Action,Drama,Mystery",7.2,76183
tt12411074,tvSeries,Paranormal,Paranormal,0,2020,2020,45,"Drama,Fantasy,Horror",7.9,76110
tt6156584,tvSeries,Snowpiercer,Snowpiercer,0,2020,2024,60,"Action,Drama,Sci-Fi",6.9,76090
tt2177461,tvSeries,A Discovery of Witches,A Discovery of Witches,0,2018,2022,45,"Drama,Fantasy,Romance",7.7,75850
tt8760932,tvSeries,Nine Perfect Strangers,Nine Perfect Strangers,0,2021,,50,"Drama,Mystery,Thriller",6.9,75724
tt4422836,tvSeries,Limitless,Limitless,0,2015,2016,42,"Comedy,Crime,Drama",7.6,75416
tt3428912,tvSeries,Happy Valley,Happy Valley,0,2014,2023,60,"Crime,Drama,Thriller",8.5,74863
tt11712058,tvSeries,Mayor of Kingstown,Mayor of Kingstown,0,2021,,50,"Crime,Drama,Thriller",8.2,74552
tt31710822,tvSeries,Untamed,Untamed,0,2025,,50,"Crime,Drama,Mystery",7.1,74433
tt11514868,tvSeries,The Perfect Couple,The Perfect Couple,0,2024,,60,"Crime,Drama,Mystery",6.5,73959
tt4834206,tvSeries,A Series of Unfortunate Events,A Series of Unfortunate Events,0,2017,2019,55,"Adventure,Comedy,Drama",7.7,73412
tt5651844,tvSeries,Travelers,Travelers,0,2016,2018,45,"Drama,Mystery,Sci-Fi",8.0,73227
tt1759761,tvSeries,Veep,Veep,0,2012,2019,30,Comedy,8.4,72693
tt2261391,tvSeries,Chicago Fire,Chicago Fire,0,2012,,43,"Action,Drama",8.0,72514
tt11311302,tvSeries,Vikings: Valhalla,Vikings: Valhalla,0,2022,2024,45,"Action,Adventure,Drama",7.4,72472
tt2640044,tvMiniSeries,Masters of the Air,Masters of the Air,0,2024,2024,56,"Action,Drama,History",7.8,72147
tt11912196,tvSeries,Asur: Welcome to Your Dark Side,Asur: Welcome to Your Dark Side,0,2020,,43,"Crime,Drama,Mystery",8.5,71959
tt2930604,tvSeries,Star Wars: Rebels,Star Wars Rebels,0,2014,2018,22,"Action,Adventure,Animation",8.1,71573
tt5622316,tvSeries,The Chosen,The Chosen,0,2017,,60,"Biography,Drama,History",9.1,71477
tt5897304,tvSeries,Mob Psycho 100,Mob Psycho 100,0,2016,2022,24,"Action,Animation,Comedy",8.5,71289
tt5611024,tvMiniSeries,Fool Me Once,Fool Me Once,0,2024,2024,50,"Crime,Drama,Mystery",6.8,71060
tt32252772,tvSeries,Dexter: Original Sin,Dexter: Original Sin,0,2024,2025,60,"Crime,Drama,Mystery",8.1,70917
tt9698480,tvMiniSeries,The Stranger,The Stranger,0,2020,2020,45,"Crime,Drama,Mystery",7.2,70914
tt2402207,tvSeries,The Last Ship,The Last Ship,0,2014,2018,60,"Action,Drama,Sci-Fi",7.4,70833
tt11318602,tvMiniSeries,Don't F**k with Cats: Hunting an Internet Killer,Don't Fuck with Cats: Hunting an Internet Killer,0,2019,2019,60,"Crime,Documentary,Mystery",8.0,70573
tt10466872,tvSeries,Dune: Prophecy,Dune: Prophecy,0,2024,,60,"Action,Adventure,Drama",7.3,70316
tt13623126,tvMiniSeries,Ironheart,Ironheart,0,2025,2025,50,"Action,Adventure,Fantasy",4.5,70008
tt23649128,tvSeries,The Studio,The Studio,0,2025,,30,"Comedy,Drama",8.0,69932
tt18347622,tvMiniSeries,Bodies,Bodies,0,2023,2023,60,"Crime,Drama,Mystery",7.3,69808
tt10834220,tvSeries,The Chestnut Man,Kastanjemanden,0,2021,,60,"Crime,Drama,Mystery",7.6,69795
tt11016042,tvMiniSeries,Ripley,Ripley,0,2024,2024,60,"Crime,Drama,Thriller",8.1,69774
tt11815682,tvSeries,Hacks,Hacks,0,2021,2026,30,"Comedy,Drama",8.2,69656
tt14269590,tvSeries,Poker Face,Poker Face,0,2023,2025,60,"Comedy,Crime,Drama",7.7,69375
tt3230454,tvSeries,The Last Man on Earth,The Last Man on Earth,0,2015,2018,22,"Action,Comedy,Drama",7.4,69066
tt13365348,tvSeries,Archive 81,Archive 81,0,2022,2022,60,"Drama,Horror,Mystery",7.3,68998
tt12708542,tvSeries,Star Wars: The Bad Batch,Star Wars: The Bad Batch,0,2021,2024,30,"Action,Adventure,Animation",7.8,68666
tt6474378,tvSeries,Good Girls,Good Girls,0,2018,2021,43,"Comedy,Crime,Drama",7.7,68528
tt10888878,tvMiniSeries,Clickbait,Clickbait,0,2021,2021,50,"Crime,Drama,Mystery",7.2,68380
tt7569576,tvSeries,The Flight Attendant,The Flight Attendant,0,2020,2022,,"Comedy,Drama,Mystery",7.0,67643
tt16283804,tvMiniSeries,One Day,One Day,0,2024,2024,30,"Comedy,Drama,Romance",8.0,67542
tt5618256,tvSeries,Manhunt,Manhunt,0,2017,2020,45,"Biography,Crime,Drama",8.1,67539
tt8634332,tvSeries,The Righteous Gemstones,The Righteous Gemstones,0,2019,2025,40,"Comedy,Drama",8.1,67221
tt2647544,tvSeries,Sleepy Hollow,Sleepy Hollow,0,2013,2017,45,"Action,Adventure,Crime",7.3,67221
tt1954347,tvSeries,Continuum,Continuum,0,2012,2015,45,"Action,Sci-Fi,Thriller",7.6,67067
tt30459041,tvSeries,Your Friends & Neighbors,Your Friends & Neighbors,0,2025,,,"Crime,Drama",7.6,66985
tt3487382,tvSeries,Forever,Forever,0,2014,2015,43,"Crime,Drama,Fantasy",8.2,66832
tt1051220,tvSeries,The Shannara Chronicles,The Shannara Chronicles,0,2016,2017,42,"Adventure,Drama,Fantasy",7.1,66550
tt2235759,tvSeries,The Great,The Great,0,2020,2023,52,"Biography,Comedy,Drama",8.1,66274
tt4428122,tvSeries,Quantico,Quantico,0,2015,2018,42,"Crime,Drama,Mystery",6.7,66241
tt23872886,tvMiniSeries,Zero Day,Zero Day,0,2025,2025,50,"Drama,Thriller",7.0,66049
tt11117570,tvSeries,Tandav,Tandav,0,2021,,30,"Drama,Thriller",4.8,65782
tt2618986,tvSeries,Wayward Pines,Wayward Pines,0,2015,2016,60,"Drama,Horror,Mystery",7.3,65719
tt8415836,tvSeries,Guillermo del Toro's Cabinet of Curiosities,Guillermo del Toro's Cabinet of Curiosities,0,2022,2022,60,"Drama,Horror,Mystery",7.0,65712
tt8740614,tvMiniSeries,The Residence,The Residence,0,2025,2025,50,"Comedy,Crime,Drama",7.7,65407
tt8179402,tvSeries,Fate: The Winx Saga,Fate: The Winx Saga,0,2021,2022,,"Action,Adventure,Drama",6.8,65370
tt16030542,tvSeries,The Recruit,The Recruit,0,2022,2025,60,"Action,Adventure,Crime",7.4,65241
tt7235466,tvSeries,9-1-1,9-1-1,0,2018,,43,"Action,Drama,Thriller",7.9,65152
tt4604612,tvSeries,The Alienist,The Alienist,0,2018,2020,60,"Crime,Drama,Mystery",7.7,65150
tt3566726,tvSeries,Jane the Virgin,Jane the Virgin,0,2014,2019,60,"Comedy,Drama",7.8,65061
tt3358020,tvSeries,Parasyte: The Maxim,Kiseijû: Sei no kakuritsu,0,2014,2015,22,"Action,Animation,Drama",8.2,65058
tt6611916,tvSeries,Kingdom,Kingdom,0,2019,2020,45,"Action,Drama,Horror",8.3,65040
tt13706018,tvSeries,Spy x Family,Supai Famirî,0,2022,,24,"Action,Animation,Comedy",8.2,65036
tt1344204,tvSeries,Blue Mountain State,Blue Mountain State,0,2010,2011,22,"Comedy,Sport",8.3,64740
tt2250192,tvSeries,Sword Art Online,Sword Art Online,0,2012,2020,24,"Action,Adventure,Animation",7.5,64706
tt4687880,tvSeries,Goliath,Goliath,0,2016,2021,60,Drama,8.1,64646
tt3514324,tvSeries,Scorpion,Scorpion,0,2014,2018,43,"Action,Crime,Drama",7.1,64441
tt3520702,tvSeries,Bloodline,Bloodline,0,2015,2017,60,"Drama,Mystery,Thriller",7.8,64181
tt8416494,tvSeries,Doom Patrol,Doom Patrol,0,2019,2023,60,"Action,Adventure,Comedy",7.7,64109
tt9253866,tvSeries,Our Planet,Our Planet,0,2019,2023,50,"Documentary,Family",9.2,63734
tt5645432,tvSeries,The Old Man,The Old Man,0,2022,2024,61,"Action,Drama,Thriller",7.5,63688
tt2708480,tvSeries,The Terror,The Terror,0,2018,2026,60,"Adventure,Drama,Horror",7.8,63585
tt17220216,tvSeries,Monarch: Legacy of Monsters,Monarch: Legacy of Monsters,0,2023,,,"Action,Adventure,Sci-Fi",7.0,63493
tt4047038,tvSeries,Dirk Gently's Holistic Detective Agency,Dirk Gently's Holistic Detective Agency,0,2016,2017,60,"Action,Adventure,Comedy",8.1,63463
tt7902072,tvMiniSeries,Safe,Safe,0,2018,2018,45,"Crime,Drama,Mystery",7.2,63365
tt3609352,tvSeries,Grace and Frankie,Grace and Frankie,0,2015,2022,30,"Comedy,Drama",8.2,62559
tt8089592,tvMiniSeries,Little Fires Everywhere,Little Fires Everywhere,0,2020,2020,58,"Drama,Mystery,Thriller",7.6,62433
tt13315324,tvMiniSeries,The Woman in the House Across the Street from the Girl in the Window,The Woman in the House Across the Street from the Girl in the Window,0,2022,2022,26,"Comedy,Crime,Drama",6.4,61273
tt10850932,tvMiniSeries,Crash Landing on You,Sarangeui bulsachak,0,2019,2020,70,"Adventure,Comedy,Drama",8.7,60954
tt2359704,tvSeries,JoJo's Bizarre Adventure,JoJo no Kimyô na Bôken,0,2012,,24,"Action,Adventure,Animation",8.6,60886
tt8289930,tvSeries,Formula 1: Drive to Survive,Formula 1: Drive to Survive,0,2019,,40,"Documentary,Sport",8.5,60793
tt4254242,tvSeries,The Magicians,The Magicians,0,2015,2020,60,"Drama,Fantasy,Mystery",7.6,60762
tt9077530,tvSeries,Virgin River,Virgin River,0,2019,,44,"Drama,Romance",7.4,60583
tt1699748,tvSeries,Hell on Wheels,Hell on Wheels,0,2011,2016,42,"Drama,Western",8.3,60347
tt1832979,tvSeries,Hart of Dixie,Hart of Dixie,0,2011,2015,60,"Comedy,Drama,Romance",7.7,60326
tt8788458,tvSeries,The Promised Neverland,Yakusoku no Neverland,0,2019,2021,23,"Action,Adventure,Animation",8.1,60057
tt5574490,tvSeries,Animal Kingdom,Animal Kingdom,0,2016,2022,60,"Crime,Drama",8.2,60001
tt3281796,tvSeries,Power,Power,0,2014,2020,60,"Crime,Drama",8.1,59807
tt9059350,tvSeries,Warrior Nun,Warrior Nun,0,2020,2022,,"Action,Drama,Fantasy",7.0,59753
tt16026746,tvSeries,X-Men '97,X-Men '97,0,2024,,22,"Action,Adventure,Animation",8.7,59736
tt4299972,tvSeries,The Jinx: The Life and Deaths of Robert Durst,The Jinx: The Life and Deaths of Robert Durst,0,2015,2024,45,"Biography,Crime,Documentary",8.6,59405
tt1610527,tvSeries,Workaholics,Workaholics,0,2011,2017,22,Comedy,8.1,59330
tt12805346,tvSeries,Aashram,Aashram,0,2020,,45,"Crime,Drama,Mystery",6.6,59138
tt3489184,tvSeries,Constantine,Constantine,0,2014,2015,43,"Crime,Drama,Fantasy",7.5,59000
tt8134186,tvMiniSeries,Devs,Devs,0,2020,2020,51,"Drama,Mystery,Sci-Fi",7.6,58961
tt19768024,tvSeries,Indian Police Force,Indian Police Force,0,2024,,40,"Action,Crime,Drama",5.0,58882
tt6548228,tvSeries,Castle Rock,Castle Rock,0,2018,2019,60,"Drama,Fantasy,Horror",7.5,58742
tt30217403,tvSeries,Dandadan,Dandadan,0,2024,,24,"Action,Adventure,Animation",8.3,58689
tt6769208,tvMiniSeries,Blue Planet II,Blue Planet II,0,2017,2017,50,"Documentary,Family",9.3,58559
tt9737326,tvSeries,Invasion,Invasion,0,2021,2025,60,"Drama,Fantasy,Sci-Fi",6.2,58514
tt5952634,tvMiniSeries,The Spy,The Spy,0,2019,2019,60,"Biography,Drama,History",7.9,58403
tt9139220,tvMiniSeries,Dracula,Dracula,0,2020,2020,90,"Action,Drama,Fantasy",6.8,58402
tt2710394,tvSeries,Reign,Reign,0,2013,2017,42,"Drama,History,Romance",7.4,58320
tt22014226,tvSeries,Taaza Khabar,Taaza Khabar,0,2023,,29,"Action,Comedy,Drama",8.0,57973
tt13293588,tvSeries,Mushoku Tensei: Jobless Reincarnation,Mushoku Tensei: Isekai Ittara Honki Dasu,0,2021,,24,"Action,Adventure,Animation",8.2,57853
tt7456722,tvSeries,Hunters,Hunters,0,2020,2023,60,"Crime,Drama,Mystery",7.2,57746
tt22074164,tvSeries,Jury Duty Presents,Jury Duty Presents,0,2023,2026,29,"Comedy,Reality-TV",8.2,57688
tt2937900,tvSeries,The Knick,The Knick,0,2014,2015,58,"Drama,History",8.4,57609
tt7920978,tvSeries,Persona,Sahsiyet,0,2018,2024,60,"Crime,Drama,Mystery",8.9,57172
tt15477488,tvSeries,Farzi,Farzi,0,2023,,56,"Comedy,Crime,Drama",8.3,57164
tt1582457,tvSeries,The Borgias,The Borgias,0,2011,2013,50,"Crime,Drama,History",7.9,56939
tt11247158,tvSeries,The Legend of Vox Machina,The Legend of Vox Machina,0,2022,,30,"Action,Adventure,Animation",8.4,56840
tt2887954,tvSeries,Tokyo Vice,Tokyo Vice,0,2022,2024,60,"Crime,Drama,Thriller",8.1,56761
tt3398540,tvSeries,Haikyuu!!,Haikyû!!,0,2014,2020,24,"Animation,Comedy,Drama",8.7,56571
tt1592154,tvSeries,Nikita,Nikita,0,2010,2013,60,"Action,Crime,Drama",7.7,56542
tt2384811,tvSeries,Utopia,Utopia,0,2013,2014,50,"Drama,Mystery,Sci-Fi",8.4,56372
tt7817340,tvSeries,New Amsterdam,New Amsterdam,0,2018,2022,43,Drama,7.9,56339
tt13911628,tvMiniSeries,Lessons in Chemistry,Lessons in Chemistry,0,2023,2023,48,Drama,8.2,56232
tt1942683,tvSeries,The Amazing World of Gumball,The Amazing World of Gumball,0,2011,2019,11,"Adventure,Animation,Comedy",8.4,55919
tt15469618,tvSeries,Bad Sisters,Bad Sisters,0,2022,,53,"Comedy,Drama,Thriller",8.2,55577
tt8242548,tvSeries,Four More Shots Please,Four More Shots Please!,0,2019,2025,60,"Comedy,Drama,Romance",5.5,55471
tt28184392,tvSeries,Chamak,Chamak,0,2023,,55,"Crime,Drama,Musical",6.7,55448
tt14586350,tvMiniSeries,Love & Death,Love & Death,0,2023,2023,60,"Biography,Crime,Drama",7.5,55410
tt7985576,tvMiniSeries,The Serpent,The Serpent,0,2021,2021,60,"Crime,Drama,Thriller",7.6,55333
tt14044212,tvSeries,Mr. & Mrs. Smith,Mr. & Mrs. Smith,0,2024,,45,"Action,Comedy,Crime",7.0,55286
tt5770786,tvSeries,GLOW,GLOW,0,2017,2019,30,"Comedy,Drama,Sport",8.0,55164
tt9251798,tvSeries,Ragnarok,Ragnarok,0,2020,2023,45,"Action,Drama,Fantasy",7.3,55091
tt1595859,tvSeries,Blue Bloods,Blue Bloods,0,2010,2024,43,"Crime,Drama,Mystery",7.7,54883
tt14218830,tvSeries,Abbott Elementary,Abbott Elementary,0,2021,2026,22,Comedy,8.2,54878
tt3148266,tvSeries,12 Monkeys,12 Monkeys,0,2015,2018,42,"Adventure,Drama,Mystery",7.7,54505
tt4406178,tvSeries,The Gilded Age,The Gilded Age,0,2022,,60,Drama,8.1,54461
tt5743796,tvSeries,Warrior,Warrior,0,2019,2023,60,"Action,Crime,Drama",8.4,54310
tt7472896,tvSeries,Mr Inbetween,Mr Inbetween,0,2018,2021,30,"Comedy,Crime,Drama",8.7,54304
tt7661390,tvSeries,Gangs of London,Gangs of London,0,2020,,60,"Action,Crime,Drama",8.0,54125
tt15320362,tvMiniSeries,All the Light We Cannot See,All the Light We Cannot See,0,2023,2023,60,"Drama,History,War",7.5,54112
tt22091076,tvSeries,High Potential,High Potential,0,2024,,45,"Comedy,Crime,Drama",7.6,54102
tt8068860,tvSeries,Servant,Servant,0,2019,2023,30,"Drama,Horror,Mystery",7.4,54016
tt12324366,tvSeries,Percy Jackson and the Olympians,Percy Jackson and the Olympians,0,2023,,45,"Action,Adventure,Family",7.0,54012
tt2654580,tvSeries,Almost Human,Almost Human,0,2013,2014,60,"Action,Crime,Drama",7.9,53930
tt3895150,tvSeries,Your Lie in April,Shigatsu wa kimi no uso,0,2014,2015,23,"Animation,Comedy,Drama",8.6,53912
tt9055008,tvSeries,Evil,Evil,0,2019,2024,45,"Crime,Drama,Horror",7.7,53624
tt3865236,tvSeries,Into the Badlands,Into the Badlands,0,2015,2019,42,"Action,Adventure,Drama",7.9,53296
tt2805096,tvSeries,Chicago P.D.,Chicago P.D.,0,2014,,45,"Action,Crime,Drama",8.1,53061
tt14664414,tvSeries,Young Royals,Young Royals,0,2021,2024,50,"Drama,Romance",8.2,52790
tt2100976,tvSeries,Impractical Jokers,Impractical Jokers,0,2011,,30,"Comedy,Reality-TV",8.5,52569
tt2699110,tvSeries,The Affair,The Affair,0,2014,2019,60,Drama,7.9,52463
tt3655448,tvMiniSeries,The Young Pope,The Young Pope,0,2016,2016,60,Drama,8.3,52218
tt13111040,tvMiniSeries,The Offer,The Offer,0,2022,2022,60,"Biography,Crime,Drama",8.6,51941
tt1641384,tvSeries,Young Justice,Young Justice,0,2010,2022,23,"Action,Adventure,Animation",8.6,51811
tt7441658,tvSeries,Black Clover,Black Clover,0,2017,2021,24,"Action,Adventure,Animation",8.2,51715
tt6317068,tvSeries,Final Space,Final Space,0,2018,2021,30,"Action,Adventure,Animation",8.2,51704
tt5511582,tvSeries,Timeless,Timeless,0,2016,2018,60,"Action,Adventure,Drama",7.6,51686
tt4145384,tvSeries,Scream Queens,Scream Queens,0,2015,2016,45,"Comedy,Horror,Mystery",7.1,51634
tt23055142,tvMiniSeries,Black Rabbit,Black Rabbit,0,2025,2025,60,"Crime,Drama,Mystery",7.3,51620
tt6905686,tvSeries,Lovecraft Country,Lovecraft Country,0,2020,2020,60,"Drama,Fantasy,Horror",7.1,51524
tt11192306,tvSeries,Superman & Lois,Superman & Lois,0,2021,2024,42,"Action,Adventure,Drama",7.8,51277
tt6439752,tvSeries,Snowfall,Snowfall,0,2017,2023,45,"Crime,Drama",8.5,51275
tt11379026,tvSeries,Ghosts,Ghosts,0,2021,,21,"Comedy,Fantasy",7.9,51192
tt31314751,tvMiniSeries,All Her Fault,All Her Fault,0,2025,2025,60,"Drama,Mystery,Thriller",7.5,51041
tt9859436,tvMiniSeries,The Walking Dead: The Ones Who Live,The Walking Dead: The Ones Who Live,0,2024,2024,60,"Drama,Horror,Thriller",7.7,50885
tt5435008,tvMiniSeries,Gilmore Girls: A Year in the Life,Gilmore Girls: A Year in the Life,0,2016,2016,93,"Comedy,Drama",7.4,50856
tt13966962,tvMiniSeries,Echo,Echo,0,2023,2024,45,"Action,Adventure,Crime",5.9,50809
tt2297757,tvSeries,Nathan for You,Nathan for You,0,2013,2017,30,"Comedy,Documentary",8.9,50792
tt2049116,tvSeries,Gomorrah,Gomorra,0,2014,2021,45,"Crime,Drama,Thriller",8.6,50671
tt15837600,tvMiniSeries,Griselda,Griselda,0,2024,2024,60,"Biography,Crime,Drama",7.2,50370
tt9660182,tvSeries,Resident Evil,Resident Evil,0,2022,2022,60,"Action,Horror,Sci-Fi",4.2,50263
tt1837654,tvSeries,The Secret Circle,The Secret Circle,0,2011,2012,45,"Drama,Fantasy,Horror",7.3,50231
tt7671598,tvSeries,Messiah,Messiah,0,2020,2020,43,"Drama,Mystery,Thriller",7.6,50128
tt16418808,tvSeries,Sugar,Sugar,0,2024,,,"Action,Crime,Drama",7.4,50127
tt1830379,tvSeries,Top Boy,Top Boy,0,2011,2023,60,"Crime,Drama,Thriller",8.4,49884
tt3581932,tvMiniSeries,And Then There Were None,And Then There Were None,0,2015,2015,57,"Crime,Drama,Mystery",7.8,49841
tt8550732,tvSeries,Kaos,Kaos,0,2024,2024,60,"Comedy,Drama,Fantasy",7.4,49449
tt7678620,tvSeries,Bluey,Bluey,0,2018,,7,"Animation,Comedy,Family",9.2,49219
tt5011816,tvSeries,Sneaky Pete,Sneaky Pete,0,2015,2019,60,"Comedy,Crime,Drama",8.0,49042
tt14824792,tvSeries,Ted,Ted,0,2024,2026,30,Comedy,7.9,48974
tt12785720,tvMiniSeries,The Witcher: Blood Origin,The Witcher: Blood Origin,0,2022,2022,50,"Action,Adventure,Drama",5.0,48909
tt4061080,tvSeries,Love,Love,0,2016,2018,50,"Comedy,Drama,Romance",7.6,48860
tt3921180,tvSeries,Scream: The TV Series,Scream,0,2015,2019,45,"Comedy,Crime,Drama",7.0,48813
tt15438246,tvMiniSeries,Kaleidoscope,Kaleidoscope,0,2023,2023,41,"Action,Crime,Drama",6.6,48711
tt8712204,tvSeries,Batwoman,Batwoman,0,2019,2022,45,"Action,Adventure,Crime",3.6,48710
tt13819960,tvSeries,And Just Like That...,And Just Like That...,0,2021,2025,40,"Comedy,Drama,Romance",5.6,48616
tt4159076,tvSeries,Dark Matter,Dark Matter,0,2015,2017,42,"Adventure,Drama,Mystery",7.5,48362
tt1598754,tvMiniSeries,24: Live Another Day,24: Live Another Day,0,2014,2014,46,"Action,Crime,Drama",8.3,48191
tt11000902,tvSeries,Our Flag Means Death,Our Flag Means Death,0,2022,2023,30,"Action,Adventure,Biography",7.7,48156
tt9244578,tvSeries,Rise of Empires: Ottoman,Rise of Empires: Ottoman,0,2020,2022,45,"Documentary,Drama,History",8.0,48061
tt9184994,tvSeries,How to Sell Drugs Online (Fast),How to Sell Drugs Online (Fast),0,2019,2025,30,"Comedy,Crime,Drama",7.7,47937
tt13623148,tvSeries,I Am Groot,I Am Groot,0,2022,2023,4,"Action,Adventure,Animation",6.7,47855
tt3909224,tvSeries,The Seven Deadly Sins,Nanatsu no taizai,0,2014,2021,24,"Action,Adventure,Animation",7.6,47661
tt7255502,tvSeries,The Kominsky Method,The Kominsky Method,0,2018,2021,30,"Comedy,Drama",8.2,47645
tt6486762,tvMiniSeries,The Continental,The Continental,0,2023,2023,90,"Action,Crime,Thriller",7.1,47369
tt26670955,tvSeries,A Man on the Inside,A Man on the Inside,0,2024,,30,"Comedy,Crime",7.6,47325
tt4644488,tvSeries,Dragon Ball Super,Dragon Ball Super: Doragon bôru cho,0,2015,2018,24,"Action,Adventure,Animation",8.3,47187
tt12451520,tvMiniSeries,It's Okay to Not Be Okay,Saikojiman Gwaenchanha,0,2020,2020,80,"Comedy,Drama,Romance",8.5,47079
tt11685912,tvSeries,Outer Range,Outer Range,0,2022,2024,60,"Drama,Mystery,Thriller",7.1,47041
tt1663676,tvSeries,Awkward.,Awkward.,0,2011,2016,22,"Action,Comedy,Drama",7.5,47036
tt2189221,tvSeries,Defiance,Defiance,0,2013,2015,43,"Action,Drama,Sci-Fi",7.0,47035
tt13064902,tvSeries,FUBAR,Fubar,0,2023,2025,55,"Action,Adventure,Comedy",6.5,46984
tt6656238,tvSeries,The Rain,The Rain,0,2018,2020,45,"Drama,Sci-Fi,Thriller",6.3,46881
tt8749198,tvSeries,Daisy Jones & The Six,Daisy Jones & the Six,0,2023,2023,49,"Drama,Music,Romance",8.1,46756
tt21344706,tvSeries,The Glory,Deo geullori,0,2022,2023,50,"Drama,Mystery,Thriller",8.2,46620
tt1267295,tvSeries,Cowboy Bebop,Cowboy Bebop,0,2021,2021,58,"Action,Adventure,Comedy",6.7,46581
tt4122068,tvSeries,Humans,Humans,0,2015,2018,42,"Drama,Sci-Fi",7.9,46471
tt20723374,tvMiniSeries,Star Wars: Tales of the Jedi,Star Wars: Tales of the Jedi,0,2022,2022,15,"Action,Adventure,Animation",8.1,46454
tt30826447,tvSeries,The Four Seasons,The Four Seasons,0,2025,2026,30,"Comedy,Romance",7.2,46392
tt6932244,tvSeries,Hanna,Hanna,0,2019,2021,60,"Action,Crime,Drama",7.6,46348
tt20600980,tvSeries,Skeleton Crew,Skeleton Crew,0,2024,2025,40,"Action,Adventure,Sci-Fi",7.0,46323
tt2452242,tvSeries,Happy!,Happy!,0,2017,2019,60,"Action,Comedy,Crime",8.1,46138
tt9679542,tvSeries,Dr. Stone,Dr.STONE,0,2019,2026,24,"Action,Adventure,Animation",8.1,46129
tt12940504,tvSeries,My Name,Mai Neim,0,2021,2021,50,"Action,Crime,Drama",7.8,46071
tt21279678,tvSeries,NCR Days,NCR Days,0,2022,,40,Drama,8.9,45945
tt4998212,tvSeries,The Ranch,The Ranch,0,2016,2020,30,"Comedy,Western",7.5,45923
tt3061046,tvSeries,Steven Universe,Steven Universe,0,2013,2019,11,"Action,Adventure,Animation",8.1,45899
tt1703925,tvSeries,Wilfred,Wilfred,0,2011,2014,22,"Comedy,Drama,Mystery",7.8,45813
tt4181172,tvSeries,Shooter,Shooter,0,2016,2018,60,"Action,Drama",7.5,45673
tt14417718,tvMiniSeries,The Crowded Room,The Crowded Room,0,2023,2023,47,"Biography,Crime,Drama",7.7,45624
tt2309295,tvSeries,Hemlock Grove,Hemlock Grove,0,2013,2015,46,"Drama,Fantasy,Horror",7.0,45011
tt4326894,tvSeries,F Is for Family,F Is for Family,0,2015,2021,30,"Animation,Comedy,Drama",8.0,44862
tt10147644,tvMiniSeries,The Innocent,El inocente,0,2021,2021,60,"Crime,Drama,Mystery",7.8,44734
tt16294384,tvSeries,Disclaimer,Disclaimer,0,2024,2024,49,"Drama,Mystery,Thriller",7.5,44661
tt3960394,tvSeries,Interview with the Vampire,Interview with the Vampire,0,2022,,60,"Drama,Fantasy,Horror",7.6,44646
tt1416765,tvSeries,Parenthood,Parenthood,0,2010,2015,60,"Comedy,Drama",8.3,44637
tt2712740,tvSeries,The Goldbergs,The Goldbergs,0,2013,2023,22,Comedy,8.0,44629
tt6483832,tvSeries,The Resident,The Resident,0,2018,2023,60,Drama,7.8,44563
tt2660806,tvSeries,Mom,Mom,0,2013,2021,30,"Comedy,Drama,Romance",7.4,44489
tt11854694,tvSeries,Special OPS,Special Ops,0,2020,2025,49,"Action,Crime,Thriller",8.5,44454
tt1519931,tvSeries,Haven,Haven,0,2010,2015,60,"Crime,Drama,Fantasy",7.5,44373
tt1836037,tvSeries,Longmire,Longmire,0,2012,2017,60,"Action,Crime,Drama",8.3,44310
tt9827854,tvMiniSeries,Hollywood,Hollywood,0,2020,2020,50,"Comedy,Drama",7.5,44298
tt4565380,tvSeries,Fauda,Fauda,0,2015,,60,"Action,Crime,Drama",8.3,44292
tt10574236,tvMiniSeries,Station Eleven,Station Eleven,0,2021,2022,51,"Adventure,Drama,Fantasy",7.5,44277
tt13659418,tvMiniSeries,Pam & Tommy,Pam & Tommy,0,2022,2022,43,"Biography,Comedy,Drama",7.2,44188
tt2201227,tvMiniSeries,Stay Close,Stay Close,0,2021,2021,47,"Comedy,Crime,Drama",6.9,44122
tt14819828,tvMiniSeries,Business Proposal,Sanae matseon,0,2022,2022,60,"Comedy,Drama,Romance",8.1,44107
tt1821681,tvSeries,Touch,Touch,0,2012,2013,43,"Drama,Mystery,Sci-Fi",7.3,44068
tt7658402,tvSeries,Harley Quinn,Harley Quinn,0,2019,,23,"Action,Adventure,Animation",8.3,43885
tt1615919,tvSeries,Raising Hope,Raising Hope,0,2010,2014,22,"Comedy,Family",8.0,43791
tt1998372,tvMiniSeries,Under the Banner of Heaven,Under the Banner of Heaven,0,2022,2022,67,"Crime,Drama,Mystery",7.5,43772
tt10166622,tvMiniSeries,The Dropout,The Dropout,0,2022,2022,50,"Biography,Drama",7.5,43714
tt10948716,tvSeries,Inside Man,Inside Man,0,2022,2022,60,"Crime,Drama,Mystery",6.7,43667
tt11324406,tvMiniSeries,The Staircase,The Staircase,0,2022,2022,60,"Biography,Crime,Drama",7.1,43577
tt11612120,tvSeries,Sweet Home,Seuwiteuhom,0,2020,2024,52,"Drama,Fantasy,Horror",7.2,43423
tt8682948,tvMiniSeries,The Act,The Act,0,2019,2019,60,"Biography,Crime,Drama",7.8,43366
tt8778064,tvSeries,The Society,The Society,0,2019,2019,58,"Drama,Mystery,Sci-Fi",7.1,43328
tt16288804,tvMiniSeries,Berlin and the Jewels of Paris,Berlín y las joyas de París,0,2023,2023,60,"Action,Crime,Drama",7.1,43201
tt7078180,tvMiniSeries,Violet Evergarden,Violet Evergarden,0,2018,2018,24,"Animation,Drama,Fantasy",8.4,43139
tt5164196,tvSeries,Lethal Weapon,Lethal Weapon,0,2016,2019,44,"Action,Adventure,Comedy",7.8,43107
tt5774002,tvSeries,Jupiter's Legacy,Jupiter's Legacy,0,2021,2021,56,"Action,Adventure,Drama",6.7,43059
tt5288312,tvSeries,Skam,Skam,0,2015,2017,30,"Drama,Romance",8.5,43002
tt1819509,tvSeries,Don't Trust the B---- in Apartment 23,Don't Trust the B---- in Apartment 23,0,2012,2013,22,Comedy,7.3,42983
tt3228904,tvSeries,Empire,Empire,0,2015,2020,45,"Drama,Music",7.4,42874
tt8103070,tvSeries,Legacies,Legacies,0,2018,2022,45,"Adventure,Drama,Fantasy",7.2,42854
tt4320258,tvSeries,Resurrection: Ertugrul,Dirilis: Ertugrul,0,2014,2019,120,"Action,Adventure,Drama",7.9,42765
tt26471411,tvMiniSeries,When Life Gives You Tangerines,Pokssak sogatsuda,0,2025,2025,60,"Drama,History,Romance",9.0,42712
tt1551632,tvSeries,Rizzoli & Isles,Rizzoli & Isles,0,2010,2016,45,"Crime,Drama,Mystery",7.7,42706
tt30444310,tvSeries,Murderbot,Murderbot,0,2025,,,"Action,Comedy,Drama",7.4,42651
tt16283824,tvMiniSeries,Eric,Eric,0,2024,2024,60,"Crime,Drama,Thriller",6.9,42476
tt1034007,tvMiniSeries,Alias Grace,Alias Grace,0,2017,2017,45,"Biography,Crime,Drama",7.6,42429
tt3843168,tvSeries,Z Nation,Z Nation,0,2014,2018,44,"Action,Comedy,Drama",6.7,42412
tt9794044,tvSeries,Citadel,Citadel,0,2023,,41,"Action,Drama,Thriller",6.2,42368
tt6111130,tvSeries,S.W.A.T.,S.W.A.T.,0,2017,2025,45,"Action,Adventure,Crime",7.2,42301
tt34683290,tvSeries,The Ba***ds of Bollywood,The Ba***ds of Bollywood,0,2025,,45,"Action,Adventure,Comedy",7.5,42299
tt13433812,tvSeries,Vincenzo,Binsenjo,0,2021,2021,80,"Action,Comedy,Crime",8.4,42197
tt4209256,tvSeries,Colony,Colony,0,2016,2018,42,"Action,Adventure,Drama",7.3,42027
tt1587678,tvSeries,Happy Endings,Happy Endings,0,2011,2013,22,"Comedy,Romance",7.8,41837
tt32258354,tvSeries,Murder in Mahim,Murder in Mahim,0,2024,,,Mystery,7.3,41595
tt13444912,tvSeries,The Midnight Club,The Midnight Club,0,2022,2022,60,"Drama,Horror,Mystery",6.5,41577
tt3636060,tvSeries,Poldark,Poldark,0,2015,2019,60,"Drama,Romance",8.2,41460
tt31429675,tvMiniSeries,Sirens,Sirens,0,2025,2025,60,"Comedy,Drama",6.7,41457
tt5269594,tvSeries,Marcella,Marcella,0,2016,2021,45,"Crime,Drama,Mystery",7.3,41441
tt9140342,tvMiniSeries,It's a Sin,It's a Sin,0,2021,2021,45,Drama,8.6,41302
tt1728102,tvSeries,Alcatraz,Alcatraz,0,2012,2012,60,"Action,Crime,Drama",6.9,41222
tt13640670,tvMiniSeries,Man vs. Bee,Man vs Bee,0,2022,2022,12,"Comedy,Family,Short",6.7,41208
tt4396630,tvSeries,The Gifted,The Gifted,0,2017,2019,45,"Action,Fantasy,Sci-Fi",7.2,41135
tt6473344,tvSeries,SEAL Team,SEAL Team,0,2017,2024,43,"Action,Drama,War",7.9,41051
tt9012876,tvSeries,Firefly Lane,Firefly Lane,0,2021,2023,,"Drama,Romance",7.7,41018
tt13062500,tvSeries,The Walking Dead: Daryl Dixon,The Walking Dead: Daryl Dixon,0,2023,2027,47,"Drama,Horror",7.5,41012
tt4354880,tvSeries,Mr. Mercedes,Mr. Mercedes,0,2017,2019,60,"Crime,Drama,Mystery",7.7,40850
tt14261112,tvSeries,Twisted Metal,Twisted Metal,0,2023,,30,"Action,Adventure,Comedy",7.3,40823
tt8543390,tvSeries,Modern Love,Modern Love,0,2019,2021,30,"Comedy,Drama,Romance",7.9,40808
tt8369840,tvSeries,Another Life,Another Life,0,2019,2021,43,"Adventure,Drama,Mystery",5.3,40800
tt12748084,tvMiniSeries,Anatomy of a Scandal,Anatomy of a Scandal,0,2022,2022,45,"Drama,Mystery,Thriller",7.0,40776
tt14524712,tvMiniSeries,Beckham,Beckham,0,2023,2023,70,"Biography,Documentary,Sport",8.1,40718
tt1828327,tvSeries,Last Man Standing,Last Man Standing,0,2011,2021,30,Comedy,7.5,40717
tt2092588,tvMiniSeries,Frozen Planet,Frozen Planet,0,2011,2012,60,"Documentary,Family",9.0,40658
tt2137109,tvSeries,Masters of Sex,Masters of Sex,0,2013,2016,60,"Drama,Romance",7.9,40457
tt14168162,tvSeries,Bosch: Legacy,Bosch: Legacy,0,2022,2025,50,"Crime,Drama",8.4,40445
tt2103085,tvSeries,Top of the Lake,Top of the Lake,0,2013,2017,,"Crime,Drama,Mystery",7.4,40038
tt20869502,tvMiniSeries,Extraordinary Attorney Woo,Isanghan byeonhosa Woo Young-woo,0,2022,2022,75,Drama,8.5,39855
tt10919486,tvSeries,Into the Night,Into the Night,0,2020,2021,35,"Drama,Sci-Fi,Thriller",7.0,39564
tt3766376,tvSeries,Vice Principals,Vice Principals,0,2016,2017,30,Comedy,8.0,39516
tt10231312,tvSeries,Inside Job,Inside Job,0,2021,2022,30,"Adventure,Animation,Comedy",7.7,39421
tt2193041,tvSeries,Beauty and the Beast,Beauty and the Beast,0,2012,2016,60,"Drama,Horror,Mystery",7.0,39332
tt3742982,tvSeries,Akame ga Kill!,Akame ga Kill!,0,2014,2014,24,"Action,Animation,Comedy",7.7,39266
tt9054904,tvSeries,Why Women Kill,Why Women Kill,0,2019,2021,,"Comedy,Crime,Drama",8.3,39219
tt7768848,tvMiniSeries,Wild Wild Country,Wild Wild Country,0,2018,2018,60,"Crime,Documentary",8.0,39168
tt2578560,tvSeries,Broad City,Broad City,0,2014,2019,22,Comedy,8.4,39075
tt2543312,tvSeries,Halt and Catch Fire,Halt and Catch Fire,0,2014,2017,60,Drama,8.4,38841
tt10405370,tvSeries,Rogue Heroes,SAS Rogue Heroes,0,2022,,58,"Action,Drama,Thriller",8.2,38836
tt8923854,tvSeries,Black Summer,Black Summer,0,2019,2021,40,"Action,Drama,Horror",6.6,38823
tt2701582,tvSeries,Endeavour,Endeavour,0,2012,2023,90,"Crime,Drama,Mystery",8.6,38546
tt5994364,tvMiniSeries,Guardian: The Lonely and Great God,Sseulsseulhago charanhasindoggaebi,0,2016,2017,120,"Comedy,Drama,Fantasy",8.5,38530
tt8879940,tvSeries,Mythic Quest,Mythic Quest,0,2020,2025,30,Comedy,7.6,38461
tt1064899,tvSeries,Queen of the South,Queen of the South,0,2016,2021,40,"Action,Crime,Drama",8.0,38441
tt7216636,tvSeries,Hazbin Hotel,Hazbin Hotel,0,2019,,32,"Animation,Comedy,Drama",7.6,38235
tt2660734,tvSeries,The Tomorrow People,The Tomorrow People,0,2013,2014,43,"Action,Drama,Sci-Fi",7.1,38234
tt4192812,tvSeries,Unforgotten,Unforgotten,0,2015,,45,"Crime,Drama,Mystery",8.4,38154
tt8694364,tvMiniSeries,Years and Years,Years and Years,0,2019,2019,60,"Drama,Sci-Fi",8.2,38144
tt2616280,tvSeries,Derek,Derek,0,2012,2014,23,"Comedy,Drama",8.1,38106
tt7668518,tvSeries,The Protector,Hakan: Muhafiz,0,2018,2020,45,"Action,Adventure,Drama",6.4,38029
tt10802170,tvSeries,The Rehearsal,The Rehearsal,0,2022,,30,"Comedy,Documentary",8.5,37979
tt1582350,tvSeries,Episodes,Episodes,0,2011,2017,30,Comedy,7.8,37920
tt8880894,tvMiniSeries,Living with Yourself,Living with Yourself,0,2019,2019,,"Comedy,Drama,Sci-Fi",7.1,37825
tt8910922,tvSeries,Solar Opposites,Solar Opposites,0,2020,2025,22,"Adventure,Animation,Comedy",7.9,37769
tt9735318,tvMiniSeries,The Beatles: Get Back,The Beatles: Get Back,0,2021,2021,150,"Biography,Documentary,History",8.9,37735
tt27740241,tvSeries,The Eternaut,El Eternauta,0,2025,,60,"Action,Adventure,Drama",7.2,37638
tt36812904,tvSeries,Ekaki,Ekaki,0,2025,,40,"Adventure,Comedy,Horror",8.1,37624
tt13675832,tvSeries,As If,Gibi,0,2021,2025,30,Comedy,9.0,37565
tt21056886,tvMiniSeries,Scavengers Reign,Scavengers Reign,0,2023,2023,24,"Adventure,Animation,Drama",8.6,37557
tt6873658,tvSeries,The Mechanism,O Mecanismo,0,2018,2019,45,"Crime,Drama,Thriller",8.0,37315
tt1877514,tvMiniSeries,The Vietnam War,The Vietnam War,0,2017,2017,100,"Documentary,History,War",9.1,37307
tt7562112,tvSeries,Pose,Pose,0,2018,2021,60,Drama,8.6,37095
tt6660498,tvMiniSeries,Devilman: Crybaby,Devilman: Crybaby,0,2018,2018,25,"Action,Animation,Drama",7.6,37039
tt15574312,tvMiniSeries,The Patient,The Patient,0,2022,2022,30,"Drama,Mystery,Thriller",7.0,37038
tt8295472,tvSeries,The Order,The Order,0,2019,2020,60,"Drama,Fantasy,Horror",6.7,36856
tt9095260,tvSeries,Criminal Justice,Criminal Justice,0,2019,2025,50,"Crime,Drama,Mystery",7.8,36838
tt2211129,tvSeries,The Mindy Project,The Mindy Project,0,2012,2017,30,Comedy,7.5,36769
tt18546730,tvSeries,The Walking Dead: Dead City,The Walking Dead: Dead City,0,2023,,46,"Action,Adventure,Drama",7.0,36706
tt6487482,tvSeries,Insatiable,Insatiable,0,2018,2019,45,"Comedy,Drama,Thriller",6.5,36692
tt1795096,tvSeries,Behzat Ç: An Ankara Detective Story,Behzat Ç.,0,2010,2019,90,"Comedy,Crime,Drama",8.8,36457
tt11794812,tvSeries,Cross,Cross,0,2024,,60,"Action,Crime,Drama",7.2,36370
tt8201186,tvSeries,The Capture,The Capture,0,2019,2026,60,"Crime,Drama,Mystery",8.0,36320
tt5853176,tvSeries,The Good Fight,The Good Fight,0,2017,2022,45,"Crime,Drama",8.3,36267
tt4057372,tvSeries,Sugarland,Sugarland,0,2019,,,"Animation,Comedy,Family",8.3,36247
tt30003786,tvSeries,The Great Indian Kapil Show,The Great Indian Kapil Show,0,2024,,60,"Comedy,Talk-Show",6.5,36243
tt9170236,tvMiniSeries,Pieces of Her,Pieces of Her,0,2022,2022,52,"Crime,Drama,Mystery",6.3,36161
tt1983079,tvSeries,Call the Midwife,Call the Midwife,0,2012,,60,"Drama,History",8.6,36014
tt4998350,tvSeries,The Deuce,The Deuce,0,2017,2019,60,"Crime,Drama,Mystery",8.1,35994
tt1702042,tvSeries,An Idiot Abroad,An Idiot Abroad,0,2010,2012,43,"Adventure,Comedy,Documentary",8.3,35879
tt6586318,tvMiniSeries,Patrick Melrose,Patrick Melrose,0,2018,2018,60,Drama,8.0,35823
tt6342474,tvSeries,Boruto: Naruto Next Generations,Boruto Naruto Nekusuto Jenerêshonzu,0,2017,2023,23,"Action,Adventure,Animation",6.3,35798
tt8210856,tvSeries,Cursed,Cursed,0,2020,2020,60,"Adventure,Drama,Fantasy",6.0,35731
tt26656917,tvSeries,The Agency,The Agency,0,2024,,60,"Drama,Thriller",7.5,35694
tt1883092,tvMiniSeries,Generation War,"Unsere Mütter, unsere Väter",0,2013,2013,90,"Action,Drama,History",8.4,35690
tt10278918,tvSeries,Willow,Willow,0,2022,2023,,"Action,Adventure,Drama",5.7,35688
tt3288518,tvSeries,Younger,Younger,0,2015,2021,22,"Comedy,Romance",7.7,35682
tt1492179,tvSeries,Strike Back,Strike Back,0,2010,2020,45,"Action,Drama,Thriller",8.1,35668
tt1453159,tvMiniSeries,The Pillars of the Earth,The Pillars of the Earth,0,2010,2010,60,"Drama,Romance,Thriller",8.0,35606
tt11212276,tvSeries,The Sex Lives of College Girls,The Sex Lives of College Girls,0,2021,2025,27,Comedy,7.7,35550
tt9425132,tvMiniSeries,Conversations with a Killer: The Ted Bundy Tapes,Conversations with a Killer: The Ted Bundy Tapes,0,2019,2019,60,"Biography,Crime,Documentary",7.7,35409
tt20863760,tvMiniSeries,Dear Child,Liebes Kind,0,2023,2023,48,"Crime,Drama,Mystery",7.3,35399
tt5137338,tvSeries,Victoria,Victoria,0,2016,2019,60,"Biography,Drama,History",8.2,35389
tt15017118,tvSeries,Dark Winds,Dark Winds,0,2022,,60,"Crime,Drama,Mystery",7.7,35333
tt11816814,tvMiniSeries,Painkiller,Painkiller,0,2023,2023,48,"Crime,Drama",7.4,35322
tt1604099,tvSeries,Victorious,Victorious,0,2010,2013,30,"Comedy,Family,Music",7.0,35161
tt6877772,tvSeries,American Vandal,American Vandal,0,2017,2018,30,"Comedy,Crime,Drama",8.1,35131
tt4643084,tvSeries,Counterpart,Counterpart,0,2017,2019,60,"Drama,Sci-Fi,Thriller",8.0,35085
tt10839422,tvSeries,Sex/Life,Sex/Life,0,2021,2023,45,"Comedy,Drama,Romance",5.6,35033
tt4655480,tvSeries,Chicago Med,Chicago Med,0,2015,,45,Drama,7.6,35025
tt1429449,tvSeries,Lost Girl,Lost Girl,0,2010,2016,44,"Action,Drama,Fantasy",7.6,34943
tt1741256,tvSeries,Suburgatory,Suburgatory,0,2011,2014,22,Comedy,7.2,34924
tt12312250,tvMiniSeries,Jeffrey Epstein: Filthy Rich,Jeffrey Epstein: Filthy Rich,0,2020,2020,60,"Crime,Documentary",7.1,34905
tt1958961,tvSeries,Lilyhammer,Lilyhammer,0,2012,2014,45,"Comedy,Crime,Drama",7.9,34734
tt12682218,tvMiniSeries,Scenes from a Marriage,Scenes from a Marriage,0,2021,2021,60,Drama,8.0,34698
tt13196080,tvSeries,Tokyo Revengers,Tôkyô Ribenjâzu,0,2021,,24,"Action,Animation,Drama",7.7,34547
tt6866266,tvMiniSeries,Escape at Dannemora,Escape at Dannemora,0,2018,2018,60,"Biography,Crime,Drama",7.9,34546
tt4647692,tvSeries,Letterkenny,Letterkenny,0,2016,2023,30,Comedy,8.5,34540
tt2372220,tvMiniSeries,The White Queen,The White Queen,0,2013,2013,60,"Drama,History,Romance",7.7,34538
tt15222080,tvSeries,Blue Lock,Burû rokku,0,2022,,22,"Animation,Sport,Thriller",8.1,34505
tt10577736,tvSeries,Tehran,Tehran,0,2020,,45,"Action,Crime,Drama",7.6,34435
tt13651632,tvMiniSeries,Night Stalker: The Hunt for a Serial Killer,Night Stalker: The Hunt for a Serial Killer,0,2021,2021,50,"Crime,Documentary,Mystery",7.5,34386
tt4975856,tvSeries,Future Man,Future Man,0,2017,2020,30,"Action,Adventure,Comedy",7.6,34355
tt1806234,tvMiniSeries,Human Planet,Human Planet,0,2011,2011,50,Documentary,9.0,34354
tt7927936,tvSeries,Flames,Flames,0,2018,2023,30,"Comedy,Drama,Romance",8.8,34346
tt11847842,tvSeries,The Tourist,The Tourist,0,2022,2024,,"Action,Drama,Mystery",7.1,34261
tt14379784,tvSeries,The Devil's Hour,The Devil's Hour,0,2022,,60,"Drama,Mystery,Sci-Fi",7.6,34247
tt15716776,tvSeries,Devil May Cry,Devil May Cry,0,2025,,30,"Action,Adventure,Animation",7.5,34162
tt21975436,tvSeries,Kaiju No. 8,Kaiju No. 8,0,2024,2025,24,"Action,Adventure,Animation",8.2,33981
tt5368542,tvSeries,The Exorcist,The Exorcist,0,2016,2018,45,"Drama,Horror,Mystery",7.9,33945
tt8594324,tvSeries,Ghosts,Ghosts,0,2019,2023,30,"Comedy,Fantasy",8.4,33920
tt1831804,tvMiniSeries,The Stand,The Stand,0,2020,2021,57,"Adventure,Drama,Fantasy",5.7,33872
tt4378376,tvSeries,Babylon Berlin,Babylon Berlin,0,2017,2026,45,"Crime,Drama,History",8.4,33858
tt9184986,tvSeries,Barbarians,Barbarians,0,2020,2022,,"Action,Adventure,Drama",7.2,33857
tt11771270,tvMiniSeries,The English,The English,0,2022,2022,51,"Drama,Western",7.8,33850
tt1495708,tvSeries,Covert Affairs,Covert Affairs,0,2010,2014,60,"Action,Crime,Drama",7.3,33777
tt1888075,tvSeries,Death in Paradise,Death in Paradise,0,2011,,60,"Crime,Drama,Mystery",7.8,33726
tt14192504,tvMiniSeries,We Own This City,We Own This City,0,2022,2022,60,"Biography,Crime,Drama",7.6,33698
tt12235718,tvSeries,Hellbound,Jiok,0,2021,2024,25,"Crime,Drama,Fantasy",6.6,33632
tt9064858,tvSeries,Them,Them,0,2021,2024,45,"Drama,Horror,Thriller",7.5,33565
tt8388390,tvSeries,Chucky,Chucky,0,2021,2024,42,"Comedy,Drama,Horror",7.2,33520
tt8342862,tvMiniSeries,Evil Genius: The True Story of America's Most Diabolical Bank Heist,Evil Genius: The True Story of America's Most Diabolical Bank Heist,0,2018,2018,45,"Crime,Documentary",7.5,33479
tt8332438,tvMiniSeries,ZeroZeroZero,ZeroZeroZero,0,2019,2020,60,"Crime,Drama,Thriller",8.1,33413
tt4276618,tvSeries,C.B. Strike,C.B. Strike,0,2017,,60,"Crime,Drama,Mystery",7.9,33370
tt15227418,tvMiniSeries,A Murder at the End of the World,A Murder at the End of the World,0,2023,2023,59,"Drama,Mystery,Thriller",7.0,33309
tt1986770,tvSeries,Anger Management,Anger Management,0,2012,2014,22,"Comedy,Romance",6.6,33264
tt5028002,tvSeries,StartUp,StartUp,0,2016,2018,44,"Crime,Thriller",7.8,33128
tt13911284,tvSeries,Hell's Paradise,Jigokuraku,0,2023,,25,"Action,Adventure,Animation",8.1,33075
tt9573980,tvMiniSeries,Leaving Neverland,Leaving Neverland,0,2019,2019,240,Documentary,7.0,33045
tt2262532,tvSeries,The Fosters,The Fosters,0,2013,2018,60,"Comedy,Crime,Drama",7.9,32854
tt1526318,tvSeries,Borgen,Borgen,0,2010,2022,58,Drama,8.4,32845
tt3877200,tvSeries,The Missing,The Missing,0,2014,2016,60,"Crime,Drama,Mystery",8.1,32783
tt10244600,tvSeries,Winning Time: The Rise of the Lakers Dynasty,Winning Time: The Rise of the Lakers Dynasty,0,2022,2023,60,"Biography,Drama,Sport",8.3,32755
tt3551096,tvSeries,Fresh Off the Boat,Fresh Off the Boat,0,2015,2020,22,Comedy,7.7,32694
tt12074628,tvSeries,Smiling Friends,Smiling Friends,0,2020,2026,12,"Animation,Comedy,Horror",8.5,32652
tt2396135,tvSeries,Shetland,Shetland,0,2013,,60,"Crime,Drama,Mystery",8.3,32646
tt33204697,tvSeries,Secret Level,Secret Level,0,2024,,15,"Action,Adventure,Animation",7.3,32574
tt5768632,tvSeries,Love Doesn't Understand Words,Ask Laftan Anlamaz,0,2016,2017,140,"Comedy,Romance",7.7,32429
tt4934214,tvSeries,Taskmaster,Taskmaster,0,2015,,45,"Comedy,Game-Show",9.0,32409
tt13138834,tvSeries,Time,Time,0,2021,,59,"Crime,Drama",8.1,32404
tt11301642,tvSeries,Ethos,Bir Baskadir,0,2020,2020,45,Drama,8.4,32346
tt12920838,tvSeries,The Frog,The Frog,0,2020,2021,50,"Crime,Drama,Mystery",8.1,32290
tt27427326,tvMiniSeries,Wayward,Wayward,0,2025,2025,45,"Drama,Mystery,Thriller",5.9,32226
tt8688814,tvSeries,The Dragon Prince,The Dragon Prince,0,2018,2024,26,"Action,Adventure,Animation",8.2,32051
tt12714854,tvSeries,Mumbai Diaries,Mumbai Diaries,0,2021,,50,"Action,Drama,Thriller",8.4,32016
tt11846996,tvSeries,Vigil,Vigil,0,2021,,60,"Crime,Drama,Mystery",7.4,31954
tt10530900,tvSeries,Gullak,Gullak,0,2019,,24,"Comedy,Drama,Family",9.1,31825
tt16867040,tvMiniSeries,Cunk on Earth,Cunk on Earth,0,2022,2022,30,Comedy,8.1,31741
tt2077823,tvSeries,Perry Mason,Perry Mason,0,2020,2023,60,"Crime,Drama,History",7.6,31671
tt26315487,tvSeries,Bloodhounds,Sanyanggaedeul,0,2023,2026,60,"Action,Crime,Drama",8.2,31579
tt4154858,tvSeries,Inhumans,Inhumans,0,2017,2017,45,"Action,Adventure,Sci-Fi",4.9,31573
tt3986586,tvSeries,Fuller House,Fuller House,0,2016,2020,30,"Comedy,Drama,Family",6.7,31565
tt2758950,tvSeries,Helix,Helix,0,2014,2015,40,"Drama,Horror,Mystery",6.7,31514
tt9522300,tvSeries,Kaguya-sama: Love Is War,Kaguya-sama wa kokurasetai ~ Tensai tachi no ren'ai zunô sen ~,0,2019,2023,24,"Animation,Comedy,Drama",8.5,31478
tt13315156,tvSeries,First Kill,First Kill,0,2022,2022,60,"Drama,Horror,Mystery",6.5,31363
tt1985443,tvMiniSeries,Hatfields & McCoys,Hatfields & McCoys,0,2012,2012,97,"Drama,History,Romance",7.9,31341
tt9398466,tvSeries,Delhi Crime,Delhi Crime,0,2019,,50,"Crime,Drama",8.4,31215
tt13875494,tvSeries,Tracker,Tracker,0,2024,,60,"Action,Crime,Drama",7.2,31182
tt15591076,tvSeries,That '90s Show,That '90s Show,0,2023,2024,30,"Comedy,Drama,Romance",6.3,31177
tt2296682,tvSeries,Dracula,Dracula,0,2013,2014,43,"Drama,Horror,Romance",7.3,31157
tt26576161,tvSeries,The Terminal List: Dark Wolf,The Terminal List: Dark Wolf,0,2025,,60,"Action,Drama,Thriller",7.5,31002
tt9184820,tvSeries,Star Trek: Lower Decks,Star Trek: Lower Decks,0,2020,2024,25,"Action,Adventure,Animation",7.8,30948
tt4524056,tvSeries,Locked Up,Vis a vis,0,2015,2020,45,"Crime,Drama,Thriller",7.8,30933
tt10332508,tvSeries,Primal,Primal,0,2019,,22,"Action,Adventure,Animation",8.6,30919
tt9458304,tvSeries,Dororo,Dororo,0,2019,2019,30,"Action,Adventure,Animation",8.2,30896
tt5639976,tvSeries,The Mist,The Mist,0,2017,2017,42,"Drama,Horror,Mystery",5.4,30802
tt13802576,tvSeries,Lockwood & Co.,Lockwood & Co.,0,2023,2023,44,"Action,Adventure,Drama",7.4,30797
tt17543592,tvSeries,Will Trent,Will Trent,0,2023,,44,"Crime,Drama",7.7,30751
tt1236246,tvSeries,Runaways,Runaways,0,2017,2019,60,"Action,Drama,Sci-Fi",6.8,30676
tt13542714,tvSeries,House of Guinness,House of Guinness,0,2025,,50,"Biography,Drama,History",7.4,30650
tt20859920,tvSeries,Alchemy of Souls,Hwan Hon,0,2022,2023,80,"Action,Drama,Fantasy",8.7,30606
tt4258440,tvMiniSeries,River,River,0,2015,2015,60,"Crime,Drama,Mystery",7.9,30572
tt15203646,tvSeries,Bad Monkey,Bad Monkey,0,2024,,,"Comedy,Crime,Drama",7.4,30515
tt4922804,tvSeries,3%,3%,0,2016,2020,49,"Action,Drama,Sci-Fi",7.2,30484
tt1183865,tvSeries,Alphas,Alphas,0,2011,2012,44,"Action,Drama,Sci-Fi",7.2,30454
tt14518756,tvMiniSeries,Hometown Cha-Cha-Cha,Gaetnaeul Cha Cha Cha,0,2021,2021,70,"Comedy,Drama,Romance",8.3,30450
tt1608180,tvSeries,Mike & Molly,Mike & Molly,0,2010,2016,30,"Comedy,Romance",6.6,30422
tt11639414,tvSeries,The Midnight Gospel,The Midnight Gospel,0,2020,2020,23,"Adventure,Animation,Comedy",8.2,30396
tt14482414,tvSeries,Racket Boys,Raketsonyeondan,0,2021,2021,80,"Comedy,Drama,Sport",5.3,30349
tt17632862,tvSeries,The Brothers Sun,The Brothers Sun,0,2024,2024,,"Action,Comedy,Drama",7.5,30346
tt3012698,tvMiniSeries,Olive Kitteridge,Olive Kitteridge,0,2014,2014,60,Drama,8.2,30281
tt12306692,tvSeries,American Horror Stories,American Horror Stories,0,2021,2024,45,"Drama,Horror,Mystery",6.3,30261
tt3228420,tvSeries,You're the Worst,You're the Worst,0,2014,2019,30,"Comedy,Drama,Romance",8.1,30188
tt3910804,tvMiniSeries,War & Peace,War & Peace,0,2016,2016,63,"Drama,History,Romance",8.1,30177
tt8697870,tvSeries,The Nevers,The Nevers,0,2021,2023,60,"Action,Drama,Fantasy",7.4,29984
tt8809646,tvSeries,College Romance,College Romance,0,2018,2023,30,"Comedy,Drama,Romance",8.2,29973
tt3837246,tvSeries,Assassination Classroom,Ansatsu kyôshitsu,0,2013,2016,23,"Action,Animation,Comedy",7.9,29964
tt2281375,tvSeries,Nashville,Nashville,0,2012,2018,43,"Drama,Music,Romance",7.7,29928
tt3556944,tvMiniSeries,Heroes Reborn,Heroes Reborn,0,2015,2016,46,"Drama,Fantasy,Sci-Fi",6.6,29909
tt1981558,tvSeries,Key and Peele,Key and Peele,0,2012,2015,30,Comedy,8.3,29888
tt1984119,tvSeries,Feud,Feud,0,2017,2024,60,"Biography,Drama",8.3,29878
tt11639952,tvSeries,Young Rock,Young Rock,0,2021,2023,,"Biography,Comedy",7.2,29873
tt2056366,tvSeries,The Carrie Diaries,The Carrie Diaries,0,2013,2014,42,"Comedy,Drama,Romance",7.0,29860
tt10826054,tvSeries,Masters of the Universe: Revelation,Masters of the Universe: Revelation,0,2021,2021,25,"Action,Adventure,Animation",5.6,29819
tt8362852,tvSeries,Swamp Thing,Swamp Thing,0,2019,2019,60,"Action,Adventure,Crime",7.3,29809
tt3501074,tvSeries,Madam Secretary,Madam Secretary,0,2014,2019,45,"Drama,Thriller",7.8,29791
tt7008682,tvSeries,Homecoming,Homecoming,0,2018,2020,30,"Drama,Mystery,Thriller",7.4,29714
tt4925000,tvSeries,Descendants of the Sun,Taeyangeui huye,0,2016,2016,60,"Action,Comedy,Drama",8.2,29707
tt5295524,tvSeries,Crashing,Crashing,0,2016,2016,30,Comedy,7.6,29677
tt20234568,tvSeries,Weak Hero Class 1,Yakhanyeongung,0,2022,,40,"Action,Drama,Thriller",8.4,29670
tt2771780,tvSeries,Teen Titans Go!,Teen Titans Go!,0,2013,,10,"Action,Adventure,Animation",5.8,29650
tt6905542,tvSeries,The Dark Crystal: Age of Resistance,The Dark Crystal: Age of Resistance,0,2019,2019,,"Adventure,Family,Fantasy",8.4,29544
tt36988358,tvMiniSeries,Takopi's Original Sin,Takopii no genzai,0,2025,2025,30,"Animation,Drama,Sci-Fi",8.7,29474
tt6045840,tvSeries,Black Lightning,Black Lightning,0,2018,2021,43,"Action,Drama,Sci-Fi",6.1,29370
tt26545355,tvSeries,Creature Commandos,Creature Commandos,0,2024,,23,"Action,Adventure,Animation",7.8,29366
tt2183404,tvSeries,Rectify,Rectify,0,2013,2016,60,Drama,8.3,29333
tt7491982,tvSeries,FBI,FBI,0,2018,,60,"Action,Crime,Drama",7.1,29333
tt14500082,tvSeries,How I Met Your Father,How I Met Your Father,0,2022,2023,30,"Comedy,Drama",5.7,29325
tt15204292,tvSeries,Heeramandi: The Diamond Bazaar,Heeramandi: The Diamond Bazaar,0,2024,,60,"Drama,History,Romance",6.3,29324
tt5912064,tvSeries,Kim's Convenience,Kim's Convenience,0,2016,2021,22,Comedy,8.2,29272
tt11570202,tvSeries,The Silent Sea,The Silent Sea,0,2021,2021,45,"Adventure,Drama,Horror",6.9,29248
tt7340738,tvMiniSeries,Quicksand,Quicksand,0,2019,2019,45,"Crime,Drama,Mystery",7.4,29196
tt15765670,tvSeries,My Dress-Up Darling,Sono bisuku dôru wa koi o suru,0,2022,2025,24,"Animation,Comedy,Romance",7.9,29187
tt14879018,tvSeries,Running Point,Running Point,0,2025,,30,"Comedy,Sport",7.3,29172
tt10009170,tvSeries,Blood of Zeus,Blood of Zeus,0,2020,2025,30,"Action,Adventure,Animation",7.5,29139
tt16296870,tvMiniSeries,The Railway Men: The Untold Story of Bhopal 1984,The Railway Men: The Untold Story of Bhopal 1984,0,2023,2023,60,"Drama,History,Thriller",8.4,29057
tt7671070,tvSeries,Industry,Industry,0,2020,2027,50,"Drama,Thriller",7.5,29036
tt13406036,tvMiniSeries,Anne Boleyn,Anne Boleyn,0,2021,2021,60,"Drama,History",5.6,28985
tt6040674,tvMiniSeries,Waco,Waco,0,2018,2018,49,"Crime,Drama,History",7.8,28944
tt2288064,tvSeries,Witches of East End,Witches of East End,0,2013,2014,60,"Drama,Fantasy,Horror",7.5,28858
tt9077540,tvSeries,Sweet Magnolias,Sweet Magnolias,0,2020,,,"Drama,Romance",7.3,28850
tt13623580,tvSeries,Reservation Dogs,Reservation Dogs,0,2021,2023,30,"Comedy,Crime",8.3,28744
tt11204260,tvSeries,I May Destroy You,I May Destroy You,0,2020,2020,30,Drama,8.0,28717
tt27668559,tvMiniSeries,Queen of Tears,Nunmuleui yeowang,0,2024,2024,75,"Comedy,Drama,Romance",8.2,28689
tt28118211,tvSeries,A Good Girl's Guide to Murder,A Good Girl's Guide to Murder,0,2024,,45,"Crime,Drama,Mystery",6.8,28651
tt22727518,tvSeries,Another Love,Bambaska Biri,0,2023,2024,130,"Drama,Romance",7.2,28585
tt8323628,tvSeries,My Life with the Walter Boys,My Life with the Walter Boys,0,2023,,50,"Drama,Romance",6.8,28560
tt13729648,tvMiniSeries,Candy,Candy,0,2022,2022,51,"Biography,Crime,Drama",7.1,28511
tt1909015,tvSeries,Undercover,Pod prikritie,0,2011,2016,60,"Action,Crime,Drama",8.9,28425
tt13366604,tvSeries,Platonic,Platonic,0,2023,,30,"Comedy,Romance",7.2,28417
tt8531222,tvSeries,Dave,Dave,0,2020,2023,30,"Comedy,Music",8.2,28381
tt0425118,tvMiniSeries,I Know This Much Is True,I Know This Much Is True,0,2020,2020,60,Drama,8.1,28194
tt10323338,tvSeries,9-1-1: Lone Star,9-1-1: Lone Star,0,2020,2025,43,"Action,Drama,Thriller",7.3,28181
tt11794642,tvSeries,Big Sky,Big Sky,0,2020,2023,60,"Crime,Drama,Mystery",6.8,28146
tt1595680,tvSeries,Being Human,Being Human,0,2011,2014,44,"Drama,Fantasy,Horror",7.6,28084
tt9054364,tvSeries,That Time I Got Reincarnated as a Slime,Tensei Shitara Suraimu Datta Ken,0,2018,,25,"Action,Adventure,Animation",8.0,28018
tt3487356,tvSeries,Black-ish,Black·ish,0,2014,2022,22,Comedy,7.3,27981
tt3663490,tvSeries,The Librarians,The Librarians,0,2014,2018,42,"Action,Adventure,Comedy",7.3,27971
tt6205862,tvSeries,Inside Look: The People v. O.J. Simpson - American Crime Story,Inside Look: The People v. O.J. Simpson - American Crime Story,0,2016,2016,5,"Documentary,Short",8.3,27967
tt5715524,tvSeries,Mayans M.C.,Mayans M.C.,0,2018,2023,60,"Crime,Drama,Thriller",7.5,27957
tt6792200,tvMiniSeries,The Keepers,The Keepers,0,2017,2017,60,"Crime,Documentary,Mystery",8.0,27956
tt13622982,tvSeries,Star Wars: Visions,Star Wars: Visions,0,2021,,22,"Action,Adventure,Animation",7.0,27944
tt8595766,tvSeries,Yeh Meri Family,Yeh Meri Family,0,2018,,30,"Comedy,Drama,Family",8.9,27893
tt9471962,tvSeries,Halka,Halka,0,2019,2019,120,"Action,Crime,Drama",8.7,27881
tt8993398,tvSeries,Rascal Does Not Dream of Bunny Girl Senpai,Seishun buta yaro wa Bunny Girl-senpai no yume wo minai,0,2018,2018,24,"Animation,Drama,Fantasy",8.1,27852
tt27987047,tvSeries,Boots,Boots,0,2025,2025,60,"Comedy,Drama,History",7.8,27806
tt1797404,tvSeries,House of Lies,House of Lies,0,2012,2016,30,"Comedy,Drama",7.4,27771
tt1415889,tvSeries,Good Luck Charlie,Good Luck Charlie,0,2010,2014,22,"Comedy,Drama,Family",7.1,27679
tt8633062,tvSeries,The Wilds,The Wilds,0,2020,2022,60,"Adventure,Drama,Mystery",7.3,27655
tt2226342,tvSeries,Devious Maids,Devious Maids,0,2013,2016,60,"Comedy,Drama,Mystery",7.8,27628
tt4156586,tvSeries,Permanent Roommates,Permanent Roommates,0,2014,2023,30,"Comedy,Romance",8.6,27576
tt26743760,tvSeries,The Apothecary Diaries,Kusuriya no Hitorigoto,0,2023,,23,"Animation,Drama,History",8.6,27549
tt5707802,tvSeries,Dear White People,Dear White People,0,2017,2021,30,"Comedy,Drama",6.3,27516
tt10327354,tvSeries,Prodigal Son,Prodigal Son,0,2019,2021,44,"Crime,Drama,Mystery",7.6,27456
tt3250026,tvSeries,Zoo,Zoo,0,2015,2017,42,"Action,Adventure,Crime",6.7,27436
tt6128300,tvSeries,Dynasty,Dynasty,0,2017,2022,42,Drama,7.2,27409
tt10308632,tvSeries,"Illegal - Justice, Out of Order","Illegal - Justice, Out of Order",0,2020,2024,,"Crime,Drama,Thriller",6.8,27377
tt30317229,tvMiniSeries,La Palma,La Palma,0,2024,2024,50,Drama,6.2,27370
tt10050772,tvSeries,I Think You Should Leave with Tim Robinson,I Think You Should Leave with Tim Robinson,0,2019,2023,16,Comedy,8.1,27343
tt3502172,tvSeries,Mozart in the Jungle,Mozart in the Jungle,0,2014,2018,30,"Comedy,Drama,Music",8.1,27322
tt1758772,tvSeries,Switched at Birth,Switched at Birth,0,2011,2017,60,"Drama,Family,Romance",7.7,27312
tt8787802,tvSeries,Away,Away,0,2020,2020,50,"Drama,Romance,Sci-Fi",6.6,27285
tt2963254,tvSeries,Salem,Salem,0,2014,2017,60,"Drama,Fantasy,Horror",7.1,27276
tt2433738,tvSeries,Wentworth,Wentworth,0,2013,2021,45,"Crime,Drama,Thriller",8.6,27236
tt7263328,tvSeries,Classroom of the Elite,Yôkoso jitsuryoku shijô shugi no kyôshitsu e,0,2017,,24,"Animation,Drama,Thriller",7.7,27210
tt4202274,tvSeries,The Filthy Frank Show,The Filthy Frank Show,0,2011,2017,,"Comedy,Short",9.1,27184
tt8101850,tvSeries,Undone,Undone,0,2019,2022,30,"Animation,Drama,Fantasy",8.2,27150
tt28267514,tvSeries,"Thank You, Next",Kimler Geldi Kimler Geçti,0,2024,,45,"Comedy,Drama,Romance",5.6,27138
tt1582459,tvSeries,The Event,The Event,0,2010,2011,43,"Crime,Drama,Mystery",7.0,27117
tt13103134,tvMiniSeries,Horimiya,Hori-san to Miyamura-kun,0,2021,2021,24,"Animation,Comedy,Drama",8.0,27110
tt8741290,tvSeries,Tales from the Loop,Tales from the Loop,0,2020,2020,50,"Drama,Sci-Fi",7.4,27042
tt3561180,tvSeries,Trapped,Ófærð,0,2015,2021,60,"Crime,Drama,Mystery",8.0,27042
tt6794990,tvSeries,Absentia,Absentia,0,2017,2020,60,"Crime,Drama,Mystery",7.1,27020
tt4082744,tvSeries,Detectorists,Detectorists,0,2014,2022,30,Comedy,8.6,27017
tt8080122,tvSeries,Godfather of Harlem,Godfather of Harlem,0,2019,2026,55,"Crime,Drama",8.1,27016
tt13361448,tvSeries,Night Sky,Night Sky,0,2022,2022,55,"Adventure,Drama,Fantasy",7.3,26927
tt14899624,tvSeries,Another Self,Zeytin Agaci,0,2022,2026,50,"Drama,Romance",7.3,26890
tt2262308,tvMiniSeries,Halo 4: Forward Unto Dawn,Halo 4: Forward Unto Dawn,0,2012,2012,15,"Action,Sci-Fi,Thriller",6.7,26881
tt12439466,tvSeries,Love Is in the Air,Sen Çal Kapimi,0,2020,2021,120,"Comedy,Romance",7.3,26868
tt4686698,tvSeries,Frontier,Frontier,0,2016,2018,60,"Adventure,Drama,History",7.1,26797
tt7945720,tvSeries,Dirty John,Dirty John,0,2018,2020,44,"Crime,Drama",7.3,26761
tt4878326,tvSeries,Wynonna Earp,Wynonna Earp,0,2016,2021,43,"Action,Drama,Fantasy",7.4,26734
tt5197820,tvSeries,Van Helsing,Van Helsing,0,2016,2021,43,"Action,Drama,Fantasy",6.3,26693
tt13274038,tvSeries,True Beauty,Yeoshingangrim,0,2020,2021,70,"Comedy,Drama,Romance",7.9,26686
tt27792190,tvSeries,Maxton Hall: The World Between Us,Maxton Hall - Die Welt zwischen uns,0,2024,2026,45,"Drama,Romance",7.5,26635
tt8755226,tvSeries,Daybreak,Daybreak,0,2019,2019,,"Action,Adventure,Comedy",6.7,26624
tt31433814,tvSeries,Doctor Who,Doctor Who,0,2023,2025,45,"Adventure,Drama,Sci-Fi",6.1,26615
tt1751105,tvSeries,My Little Pony: Friendship Is Magic,My Little Pony: Friendship Is Magic,0,2010,2019,22,"Adventure,Animation,Comedy",7.8,26589
tt8050756,tvSeries,The Owl House,The Owl House,0,2020,2023,22,"Action,Adventure,Animation",8.6,26580
tt1844923,tvSeries,Friday Night Dinner,Friday Night Dinner,0,2011,2020,24,Comedy,8.2,26544
tt6143796,tvSeries,Workin' Moms,Workin' Moms,0,2017,2023,30,"Comedy,Drama",7.8,26510
tt1492030,tvMiniSeries,Mildred Pierce,Mildred Pierce,0,2011,2011,60,"Crime,Drama,Mystery",7.6,26485
tt8226360,tvSeries,A League of Their Own,A League of Their Own,0,2022,2022,60,"Comedy,Drama,Sport",7.6,26422
tt16450274,tvMiniSeries,Treason,Treason,0,2022,2022,41,"Action,Drama,Thriller",6.4,26420
tt4341500,tvMiniSeries,Wet Hot American Summer: First Day of Camp,Wet Hot American Summer: First Day of Camp,0,2015,2015,30,Comedy,7.3,26386
tt6116060,tvSeries,The Bold Type,The Bold Type,0,2017,2021,45,"Comedy,Drama",7.8,26345
tt2379308,tvSeries,Psycho-Pass,Psycho-Pass,0,2012,2019,25,"Action,Animation,Crime",8.1,26320
tt12005128,tvMiniSeries,WeCrashed,WeCrashed,0,2022,2022,53,"Biography,Drama",7.3,26303
tt7971476,tvSeries,The Politician,The Politician,0,2019,2020,42,"Comedy,Drama",7.4,26267
tt3186130,tvSeries,Vinyl,Vinyl,0,2016,2016,60,"Drama,Music",7.7,26230
tt2543328,tvSeries,Turn: Washington's Spies,Turn,0,2014,2017,60,"Drama,History,War",8.1,26227
tt8242904,tvSeries,What's Wrong with Secretary Kim,Kimbiseoga wae geureolkka,0,2018,2018,60,"Comedy,Mystery,Romance",8.0,26211
tt7053188,tvSeries,Station 19,Station 19,0,2018,2024,60,"Action,Drama,Romance",7.1,26086
tt4374208,tvSeries,Catastrophe,Catastrophe,0,2015,2019,25,Comedy,8.2,26068
tt14490706,tvSeries,"XO, Kitty","XO, Kitty",0,2023,,30,"Comedy,Drama,Romance",6.6,26039
tt3155320,tvSeries,Extant,Extant,0,2014,2015,42,"Drama,Sci-Fi,Thriller",6.5,26013
tt1758589,tvMiniSeries,Dash & Lily,Dash & Lily,0,2020,2020,,"Comedy,Drama,Romance",7.4,26009
tt10075318,tvSeries,The Gift,Atiye,0,2019,2021,45,"Drama,Fantasy,Mystery",6.9,25982
tt11239552,tvSeries,Itaewon Class,Itaewon Keullasseu,0,2020,2020,70,"Comedy,Drama,Romance",8.1,25948
tt16027014,tvMiniSeries,Marvel Zombies,Marvel Zombies,0,2025,2026,32,"Action,Adventure,Animation",7.0,25943
tt31019484,tvMiniSeries,Missing You,Missing You,0,2025,2025,45,"Crime,Drama,Mystery",6.1,25906
tt32267726,tvMiniSeries,The Girlfriend,The Girlfriend,0,2025,2025,50,"Drama,Thriller",7.1,25846
tt14674086,tvSeries,Welcome to Wrexham,Welcome to Wrexham,0,2022,,30,"Documentary,Reality-TV,Sport",8.3,25795
tt1672189,tvSeries,Camelot,Camelot,0,2011,2011,45,"Drama,Fantasy",6.5,25789
tt7078710,tvSeries,Everything Sucks!,Everything Sucks!,0,2018,2018,30,"Comedy,Drama",7.4,25784
tt4279012,tvMiniSeries,Death Parade,Death Parade,0,2015,2015,,"Animation,Drama,Mystery",7.8,25749
tt1637574,tvSeries,Conan,Conan,0,2010,2021,42,"Comedy,Music,Talk-Show",8.2,25688
tt31491435,tvSeries,Tires,Tires,0,2024,,20,Comedy,7.7,25678
tt6170874,tvSeries,Salvation,Salvation,0,2017,2018,43,"Drama,Sci-Fi,Thriller",6.9,25641
tt10234362,tvSeries,Avenue 5,Avenue 5,0,2020,2022,30,"Comedy,Sci-Fi",6.7,25581
tt26225038,tvSeries,Death's Game,"Yijae, Got Jookseummida",0,2023,2024,60,"Drama,Fantasy,Horror",8.4,25561
tt2733252,tvSeries,The Musketeers,The Musketeers,0,2014,2016,55,"Action,Adventure,Drama",7.8,25470
tt13304410,tvSeries,Sunflower,Sunflower,0,2021,,36,"Comedy,Crime,Mystery",7.4,25397
tt12614214,tvSeries,The Afterparty,The Afterparty,0,2022,2023,35,"Comedy,Crime,Mystery",7.3,25375
tt11656892,tvMiniSeries,Des,Des,0,2020,2020,48,"Biography,Crime,Drama",7.6,25344
tt26676904,tvSeries,Ballard,Ballard,0,2025,,45,"Crime,Drama",7.5,25276
tt21217912,tvMiniSeries,Trainwreck: Woodstock '99,Trainwreck: Woodstock '99,0,2022,2022,45,"Documentary,History,Music",7.4,25230
tt3498622,tvSeries,Fortitude,Fortitude,0,2015,2018,60,"Drama,Horror,Mystery",7.3,25196
tt10166602,tvSeries,"Love, Victor","Love, Victor",0,2020,2022,30,"Comedy,Drama,Romance",7.9,25129
tt5024912,tvSeries,Insecure,Insecure,0,2016,2021,30,"Comedy,Drama,Romance",8.1,25114
tt1780441,tvSeries,Portlandia,Portlandia,0,2011,2018,22,Comedy,7.8,25070
tt5565334,tvSeries,Friends from College,Friends from College,0,2017,2019,30,"Comedy,Drama",6.9,25062
tt1399045,tvSeries,MacGyver,MacGyver,0,2016,2021,43,"Action,Adventure,Drama",5.5,24953
tt3952222,tvSeries,Killjoys,Killjoys,0,2015,2019,42,"Action,Adventure,Sci-Fi",7.2,24942
tt1693592,tvSeries,Vera,Vera,0,2011,2025,90,"Crime,Drama,Mystery",8.2,24912
tt22797582,tvMiniSeries,American Nightmare,American Nightmare,0,2024,2024,45,"Crime,Documentary,Mystery",7.5,24899
tt11398870,tvSeries,Caliphate,Kalifat,0,2020,2020,46,"Crime,Drama,Thriller",8.2,24870
tt23900194,tvSeries,Harry & Meghan,Harry & Meghan,0,2022,2022,58,"Biography,Documentary",5.1,24852
tt5614844,tvSeries,Cloak & Dagger,Cloak & Dagger,0,2018,2019,44,"Action,Adventure,Drama",6.6,24813
tt5827228,tvSeries,Bull,Bull,0,2016,2022,60,"Comedy,Crime,Drama",7.1,24764
tt4592410,tvMiniSeries,The Get Down,The Get Down,0,2016,2017,52,"Drama,Music,Musical",8.2,24751
tt3079768,tvSeries,Dominion,Dominion,0,2014,2015,90,"Action,Drama,Fantasy",6.7,24740
tt2953250,tvSeries,Shining Girls,Shining Girls,0,2022,2022,54,"Crime,Drama,Mystery",7.4,24715
tt5057130,tvSeries,Medici,Medici,0,2016,2019,,"Biography,Drama,History",7.8,24688
tt27846061,tvSeries,Ludwig,Ludwig,0,2024,,,"Comedy,Crime,Drama",8.1,24677
tt11097240,tvSeries,Obliterated,Obliterated,0,2023,2023,,"Action,Comedy,Drama",6.8,24676
tt14833612,tvSeries,Castlevania: Nocturne,Castlevania: Nocturne,0,2023,,30,"Action,Adventure,Animation",7.5,24661
tt4912412,tvSeries,Girls of the Sun,Günesin Kizlari,0,2015,2016,120,"Drama,Romance",7.0,24617
tt3502262,tvSeries,Transparent,Transparent,0,2014,2019,30,"Comedy,Drama",7.8,24580
tt7765404,tvSeries,Wayne,Wayne,0,2019,2019,30,"Action,Comedy,Drama",8.3,24578
tt6263222,tvSeries,Strong Girl Bong-soon,Him-ssen yeo-ja Do Bong-soon,0,2017,2017,67,"Comedy,Crime,Drama",8.1,24577
tt11379456,tvSeries,My Lady Jane,My Lady Jane,0,2024,2024,50,"Comedy,Drama,History",7.4,24528
tt2183641,tvSeries,Ripper Street,Ripper Street,0,2012,2016,59,"Crime,Drama,Mystery",8.1,24473
tt6729080,tvMiniSeries,Collateral,Collateral,0,2018,2018,58,"Crime,Drama,Mystery",6.8,24471
tt7431994,tvSeries,The Pit,Çukur,0,2017,2021,120,"Action,Crime,Drama",7.7,24461
tt9529546,tvSeries,The Rising of the Shield Hero,Tate no Yuusha no Nariagari,0,2019,,24,"Action,Adventure,Animation",7.6,24443
tt4094300,tvSeries,Crazy Ex-Girlfriend,Crazy Ex-Girlfriend,0,2015,2019,42,"Comedy,Musical",7.9,24361
tt8235236,tvSeries,Paradise PD,Paradise PD,0,2018,2022,28,"Action,Animation,Comedy",6.8,24312
tt5905354,tvSeries,Vikingane,Norsemen,0,2016,2020,30,"Comedy,History",7.7,24287
tt1714204,tvSeries,Perception,Perception,0,2012,2015,42,"Crime,Drama,Mystery",7.5,24286
tt5822112,tvSeries,Rabbit Hole,Rabbit Hole,0,2023,2023,88,"Action,Drama,Thriller",7.4,24275
tt27713897,tvMiniSeries,Arnold,Arnold,0,2023,2023,60,"Biography,Documentary",8.0,24260
tt2568204,tvSeries,Tyrant,Tyrant,0,2014,2016,60,"Action,Drama,Thriller",7.7,24236
tt4051832,tvSeries,Lovesick,Lovesick,0,2014,2018,24,Comedy,8.0,24219
tt18075020,tvMiniSeries,Who Is Erin Carter?,Who Is Erin Carter?,0,2023,2023,48,"Action,Adventure,Crime",6.5,24147
tt5056196,tvMiniSeries,Catch-22,Catch-22,0,2019,2019,45,"Action,Comedy,Drama",7.7,24137
tt15358446,tvSeries,Dead Boy Detectives,Dead Boy Detectives,0,2024,2024,60,"Action,Adventure,Comedy",7.5,24130
tt2674806,tvSeries,Inside No. 9,Inside No. 9,0,2014,2024,30,"Comedy,Crime,Drama",8.5,24112
tt2069441,tvSeries,The Future Diary,Mirai nikki,0,2011,2013,25,"Action,Animation,Comedy",7.4,24109
tt13745850,tvSeries,The Last Thing He Told Me,The Last Thing He Told Me,0,2023,,,"Drama,Mystery,Thriller",6.5,24102
tt2244495,tvSeries,The Eric Andre Show,The Eric Andre Show,0,2012,2023,11,"Comedy,Reality-TV,Talk-Show",8.5,24095
tt4602768,tvSeries,Doctor Foster: A Woman Scorned,Doctor Foster,0,2015,,60,"Drama,Mystery,Thriller",7.6,24094
tt14069590,tvSeries,Dota: Dragon's Blood,Dota: Dragon's Blood,0,2021,2022,25,"Action,Adventure,Animation",7.7,23995
tt5957766,tvSeries,Loudermilk,Loudermilk,0,2017,2020,30,"Comedy,Drama",7.8,23952
tt16969708,tvMiniSeries,Scott Pilgrim Takes Off,Scott Pilgrim Takes Off,0,2023,2023,28,"Action,Adventure,Animation",7.7,23918
tt2581458,tvSeries,Looking,Looking,0,2014,2015,30,"Comedy,Drama,Romance",8.2,23871
tt11680642,tvSeries,Pantheon,Pantheon,0,2022,2023,41,"Action,Adventure,Animation",8.5,23818
tt32514856,tvSeries,Legend of Zang Hai,Zang Hai zhuan,0,2025,2025,,"Adventure,Drama,Fantasy",8.2,23724
tt21072112,tvSeries,Bodkin,Bodkin,0,2024,,45,"Comedy,Drama,Mystery",6.9,23722
tt28106741,tvMiniSeries,IC 814: The Kandahar Hijack,IC 814: The Kandahar Hijack,0,2024,2024,40,"Drama,History,Thriller",5.8,23658
tt11407524,tvSeries,Hostel Daze,Hostel Daze,0,2019,2023,,"Comedy,Drama",8.5,23644
tt9348692,tvSeries,Criminal: UK,Criminal: UK,0,2019,2020,43,"Crime,Drama,Mystery",7.7,23630
tt7278862,tvSeries,My Brilliant Friend,L'amica geniale,0,2018,2024,60,Drama,8.6,23591
tt4192782,tvSeries,Glitch,Glitch,0,2015,2019,45,"Drama,Horror,Sci-Fi",7.2,23588
tt2571774,tvMiniSeries,Africa,Africa,0,2013,2013,50,"Documentary,Family",8.9,23573
tt16913068,tvSeries,Shahmaran,Sahmaran,0,2023,2024,60,"Adventure,Drama,Fantasy",5.5,23544
tt10590066,tvSeries,All Creatures Great & Small,All Creatures Great & Small,0,2020,,,"Comedy,Drama",8.6,23519
tt4555364,tvSeries,Knightfall,Knightfall,0,2017,2019,60,"Action,Adventure,Drama",6.8,23494
tt3225270,tvSeries,Noragami,Noragami,0,2014,2015,24,"Action,Adventure,Animation",7.8,23485
tt6051216,tvSeries,Insider,Içerde,0,2016,2017,140,"Action,Crime,Drama",8.1,23454
tt14466018,tvSeries,Blue Lights,Blue Lights,0,2023,,,"Crime,Drama,Thriller",8.2,23432
tt1660055,tvSeries,Scooby-Doo! Mystery Incorporated,Scooby-Doo! Mystery Incorporated,0,2010,2013,23,"Adventure,Animation,Comedy",8.2,23409
tt31812476,tvSeries,Beast Games,Beast Games,0,2024,,50,"Game-Show,Reality-TV",5.9,23378
tt6466208,tvSeries,Breathe,Breathe,0,2018,2018,45,"Crime,Drama,Thriller",8.2,23361
tt6297682,tvMiniSeries,Seven Seconds,Seven Seconds,0,2018,2018,60,"Crime,Drama",7.7,23327
tt17513352,tvMiniSeries,Twenty Five Twenty One,Seumuldaseot seumulhana,0,2022,2022,70,"Drama,Romance",8.5,23289
tt4839610,tvSeries,We Bare Bears,We Bare Bears,0,2014,2019,30,"Adventure,Animation,Comedy",7.8,23240
tt6724368,tvSeries,Fi,Fi,0,2017,2018,60,"Drama,Romance",7.8,23229
tt10569934,tvSeries,Those About to Die,Those About to Die,0,2024,2024,56,"Action,Drama,History",6.7,23147
tt11640018,tvSeries,La Brea,La Brea,0,2021,2024,,"Drama,Mystery,Sci-Fi",5.8,23098
tt8681148,tvMiniSeries,This Is Going to Hurt,This Is Going to Hurt,0,2022,2022,347,"Biography,Comedy,Drama",8.3,23077
tt8518136,tvSeries,Dickinson,Dickinson,0,2019,2021,30,"Biography,Comedy,Drama",7.6,23009
tt12197698,tvSeries,Leverage: Redemption,Leverage: Redemption,0,2021,2025,45,"Crime,Mystery,Thriller",8.1,22940
tt11218290,tvSeries,Sweetpea,Sweetpea,0,2024,,45,"Comedy,Crime,Drama",7.2,22911
tt10399902,tvMiniSeries,Boy Swallows Universe,Boy Swallows Universe,0,2024,2024,60,"Crime,Drama,Mystery",7.9,22910
tt2176165,tvMiniSeries,Another,Anazâ,0,2012,2012,22,"Animation,Drama,Fantasy",7.5,22885
tt10875696,tvSeries,Marianne,Marianne,0,2019,2019,50,"Drama,Horror,Mystery",7.3,22858
tt2177489,tvSeries,Baby Daddy,Baby Daddy,0,2012,2017,22,"Comedy,Drama,Family",7.3,22845
tt2172103,tvSeries,Last Resort,Last Resort,0,2012,2013,60,"Action,Drama,Mystery",7.3,22845
tt7263154,tvSeries,Undercover,Undercover,0,2019,2022,50,"Crime,Drama,Thriller",7.8,22783
tt28104766,tvSeries,Squid Game: The Challenge,Squid Game: The Challenge,0,2023,,60,"Game-Show,Reality-TV",5.9,22773
tt7745956,tvSeries,She-Ra and the Princesses of Power,She-Ra and the Princesses of Power,0,2018,2020,30,"Action,Adventure,Animation",8.1,22721
tt6692188,tvSeries,El Chapo,El Chapo,0,2017,2018,43,"Biography,Crime,Drama",7.8,22710
tt3337194,tvSeries,From Dusk Till Dawn: The Series,From Dusk Till Dawn: The Series,0,2014,2016,45,"Action,Crime,Fantasy",6.8,22693
tt3431758,tvSeries,"No Game, No Life","No Game, No Life",0,2014,2014,,"Adventure,Animation,Comedy",7.5,22644
tt1734135,tvSeries,Trollhunters: Tales of Arcadia,Trollhunters,0,2016,2018,23,"Action,Adventure,Animation",8.4,22634
tt30423279,tvSeries,The 8 Show,Deo Eiteu Syo,0,2024,2024,60,"Comedy,Drama,Mystery",7.2,22610
tt11007006,tvSeries,Azize,Azize,0,2019,2019,120,Drama,7.9,22598
tt7879820,tvSeries,On My Block,On My Block,0,2018,2021,30,"Comedy,Drama",7.8,22592
tt5638056,tvSeries,The Mick,The Mick,0,2017,2018,30,Comedy,7.8,22587
tt1842530,tvSeries,Unforgettable,Unforgettable,0,2011,2016,60,"Crime,Drama,Mystery",6.8,22571
tt1865769,tvSeries,Jessie,Jessie,0,2011,2015,30,"Comedy,Drama,Family",6.2,22531
tt7259746,tvSeries,Queer Eye,Queer Eye,0,2018,2026,45,Reality-TV,8.5,22528
tt1826805,tvSeries,Pan Am,Pan Am,0,2011,2012,,"Drama,History,Romance",7.1,22526
tt28857177,tvSeries,Lucky Guy,Lucky Guy,0,2023,,52,"Comedy,Drama,Fantasy",8.5,22526
tt11343600,tvMiniSeries,Brand New Cherry Flavor,Brand New Cherry Flavor,0,2021,2021,43,"Drama,Horror,Mystery",7.1,22482
tt2521668,tvSeries,The Returned,Les revenants,0,2012,2015,55,"Drama,Horror,Mystery",8.0,22475
tt3560084,tvSeries,NCIS: New Orleans,NCIS: New Orleans,0,2014,2021,43,"Action,Adventure,Comedy",6.8,22473
tt5370118,tvSeries,Konosuba: God's Blessing on This Wonderful World!,Kono subarashii sekai ni shukufuku o!,0,2016,2025,24,"Adventure,Animation,Comedy",7.8,22460
tt8722888,tvSeries,Stargirl,Stargirl,0,2020,2022,45,"Action,Adventure,Crime",7.1,22441
tt11083696,tvSeries,Cruel Summer,Cruel Summer,0,2021,,45,"Drama,Mystery,Thriller",7.4,22440
tt9447956,tvMiniSeries,The Fame Game,The Fame Game,0,2022,2022,45,"Drama,Mystery,Thriller",6.6,22417
tt19395018,tvSeries,Constellation,Constellation,0,2024,2024,53,"Sci-Fi,Thriller",6.7,22400
tt32237534,tvSeries,Last Samurai Standing,Ikusagami,0,2025,,50,"Action,Drama,History",7.5,22333
tt16283758,tvSeries,Supacell,Supacell,0,2024,,60,"Action,Adventure,Drama",7.0,22321
tt15432016,tvMiniSeries,Devil in Ohio,Devil in Ohio,0,2022,2022,45,"Drama,Horror,Mystery",5.9,22314
tt1848220,tvSeries,The Magnificent Century,Muhtesem Yüzyil,0,2011,2014,90,"Biography,Drama,History",7.1,22308
tt27610198,tvSeries,The Amazing Digital Circus,The Amazing Digital Circus,0,2023,2026,25,"Adventure,Animation,Comedy",8.1,22297
tt32260680,tvSeries,The Better Sister,The Better Sister,0,2025,2025,60,"Drama,Mystery,Thriller",7.0,22242
tt2758770,tvSeries,Star vs. the Forces of Evil,Star vs. the Forces of Evil,0,2012,2019,22,"Action,Adventure,Animation",7.9,22234
tt13720112,tvSeries,The Empress,Die Kaiserin,0,2022,,60,"Drama,History,Romance",7.8,22211
tt7222086,tvSeries,Made in Abyss,Made in Abyss,0,2017,2022,,"Action,Adventure,Animation",8.3,22204
tt1640719,tvMiniSeries,Under the Bridge,Under the Bridge,0,2024,2024,47,"Biography,Crime,Drama",7.2,22172
tt14263564,tvMiniSeries,Justified: City Primeval,Justified: City Primeval,0,2023,2023,48,"Crime,Drama",7.3,22137
tt6461726,tvSeries,A.P. Bio,A.P. Bio,0,2018,2021,21,Comedy,7.4,22110
tt2311418,tvSeries,Isler Güçler,Isler Güçler,0,2012,2013,90,Comedy,8.6,22106
tt29569035,tvSeries,My Demon,Mai Demon,0,2023,2024,60,"Comedy,Drama,Fantasy",7.7,22077
tt13655456,tvMiniSeries,True Story,True Story,0,2021,2021,37,"Crime,Drama,Thriller",7.4,22068
tt1839683,tvSeries,Awake,Awake,0,2012,2012,43,"Drama,Fantasy,Mystery",7.8,22050
tt28256288,tvSeries,The Bondsman,The Bondsman,0,2025,2025,30,"Action,Comedy,Drama",7.0,22028
tt28093628,tvSeries,Common Side Effects,Common Side Effects,0,2024,,,"Animation,Comedy,Drama",8.5,22014
tt6110648,tvSeries,The Purge,The Purge,0,2018,2019,42,"Action,Drama,Horror",6.6,21980
tt9145758,tvMiniSeries,Senna,Senna,0,2024,2024,60,"Biography,Drama,Sport",8.2,21971
tt3150586,tvSeries,Ebb and Tide,Medcezir,0,2013,2015,120,"Drama,Romance",7.3,21961
tt9307686,tvSeries,Fire Force,Enen no Shôbôtai,0,2019,2026,23,"Action,Animation,Drama",7.6,21901
tt9892936,tvSeries,One Hundred Years of Solitude,Cien años de soledad,0,2024,2026,60,"Drama,Fantasy,History",8.3,21896
tt6478318,tvMiniSeries,Innocent,Masum,0,2017,2017,60,"Crime,Drama,Mystery",8.3,21863
tt7621364,tvSeries,Black Pearl,Siyah Inci,0,2017,2018,120,Drama,7.7,21861
tt4687882,tvSeries,Patriot,Patriot,0,2015,2018,50,"Comedy,Drama,Thriller",8.2,21852
tt13837672,tvMiniSeries,Crime Scene: The Vanishing at the Cecil Hotel,Crime Scene: The Vanishing at the Cecil Hotel,0,2021,2021,55,"Crime,Documentary,Mystery",6.0,21832
tt2406376,tvSeries,The Bridge,The Bridge,0,2013,2014,43,"Crime,Drama,Mystery",7.6,21780
tt1587669,tvSeries,Body of Proof,Body of Proof,0,2011,2013,60,"Comedy,Crime,Drama",7.1,21780
tt9252156,tvSeries,Departure,Departure,0,2019,2022,45,"Drama,Mystery,Thriller",6.8,21751
tt8679236,tvSeries,Who Is America?,Who Is America?,0,2018,2018,30,Comedy,8.2,21673
tt7375404,tvSeries,Kidding,Kidding,0,2018,2020,30,"Comedy,Drama",8.0,21670
tt5540054,tvSeries,The Tick,The Tick,0,2016,2019,29,"Action,Adventure,Comedy",7.4,21665
tt1819654,tvSeries,Ringer,Ringer,0,2011,2012,44,"Crime,Drama,Mystery",7.0,21641
tt7865090,tvSeries,Darling in the Franxx,Darling in the Franxx,0,2018,2018,24,"Action,Animation,Drama",7.3,21597
tt7529770,tvSeries,Miracle Workers,Miracle Workers,0,2019,2023,22,"Comedy,Drama,Fantasy",7.1,21572
tt8888540,tvSeries,Palm Royale,Palm Royale,0,2024,2026,,"Comedy,Drama,Mystery",6.8,21571
tt3673794,tvSeries,Kingdom,Kingdom,0,2014,2017,43,"Drama,Sport",8.5,21542
tt6005644,tvSeries,TVF Tripling,TVF Tripling,0,2016,,30,"Comedy,Drama",8.5,21460
tt26737616,tvMiniSeries,Pluto,Pluto,0,2023,2023,62,"Action,Animation,Drama",8.1,21325
tt29135600,tvSeries,Cassandra,Cassandra,0,2025,2025,50,"Drama,Horror,Sci-Fi",6.7,21305
tt2058303,tvSeries,Fresh Meat,Fresh Meat,0,2011,2016,50,"Comedy,Drama",7.8,21304
tt5673782,tvSeries,Genius,Genius,0,2017,2024,50,"Biography,Drama,History",8.2,21279
tt7157248,tvMiniSeries,The New Pope,The New Pope,0,2020,2020,60,Drama,8.0,21212
tt9067020,tvMiniSeries,The I-Land,The I-Land,0,2019,2019,40,"Adventure,Drama,Mystery",4.7,21177
tt14531842,tvSeries,Extraordinary,Extraordinary,0,2023,2024,30,"Comedy,Sci-Fi",7.7,21140
tt5924572,tvSeries,Deadly Class,Deadly Class,0,2018,2019,60,"Action,Adventure,Comedy",7.5,21016
tt6510950,tvSeries,Condor,Condor,0,2018,2020,60,"Action,Drama,Thriller",7.7,21003
tt3747572,tvSeries,Grantchester,Grantchester,0,2014,,45,"Crime,Drama,Mystery",7.9,20980
tt26676489,tvMiniSeries,The Madness,The Madness,0,2024,2024,50,"Crime,Drama,Mystery",6.4,20962
tt2300923,tvSeries,Go On,Go On,0,2012,2013,22,Comedy,7.5,20959
tt5706996,tvSeries,Girlboss,Girlboss,0,2017,2017,26,Comedy,6.9,20929
tt13018148,tvSeries,Tell Me Lies,Tell Me Lies,0,2022,2026,49,Drama,7.2,20927
tt19500224,tvSeries,Based on a True Story,Based on a True Story,0,2023,2024,30,"Comedy,Horror",7.1,20896
tt10314462,tvSeries,Zoey's Extraordinary Playlist,Zoey's Extraordinary Playlist,0,2020,2021,60,"Comedy,Drama,Musical",8.1,20871
tt1515193,tvSeries,The Big C,The Big C,0,2010,2013,30,"Comedy,Drama",8.1,20864
tt12701270,tvSeries,Crackdown,Crackdown,0,2020,,30,"Action,Crime,Drama",7.3,20832
tt21906238,tvSeries,Rivals,Rivals,0,2024,,55,"Comedy,Drama",7.9,20817
tt2583620,tvSeries,The Twilight Zone,The Twilight Zone,0,2019,2020,60,"Drama,Fantasy,Horror",6.1,20802
tt11475228,tvMiniSeries,Killer Inside: The Mind of Aaron Hernandez,Killer Inside: The Mind of Aaron Hernandez,0,2020,2020,60,"Crime,Documentary,Sport",7.3,20773
tt2155025,tvSeries,Please Like Me,Please Like Me,0,2013,2016,29,"Comedy,Drama,Romance",8.5,20767
tt8392006,tvSeries,Apharan,Apharan,0,2018,,45,"Crime,Thriller",8.2,20763
tt10148174,tvSeries,The Walking Dead: World Beyond,The Walking Dead: World Beyond,0,2020,2021,45,"Drama,Horror",4.6,20761
tt9814458,tvSeries,Bandish Bandits,Bandish Bandits,0,2020,,30,"Drama,Music,Romance",8.5,20735
tt13868972,tvSeries,Rocket Boys,Rocket Boys,0,2022,,45,"Biography,Drama,History",8.8,20734
tt2580046,tvSeries,Miraculous: Tales of Ladybug & Cat Noir,Miraculous: Les aventures de Ladybug et Chat Noir,0,2015,,20,"Action,Adventure,Animation",7.5,20728
tt16350094,tvMiniSeries,Diabolical,The Boys Presents: Diabolical,0,2022,2022,14,"Action,Adventure,Animation",6.8,20723
tt3830558,tvSeries,Versailles,Versailles,0,2015,2018,60,"Biography,Drama,History",7.9,20695
tt8685324,tvSeries,Sanditon,Sanditon,0,2019,2023,60,"Drama,Romance",7.6,20658
tt5497534,tvSeries,Tokyo Ghoul: Root A,Tokyo Ghoul: Root A,0,2015,2015,24,"Action,Animation,Drama",7.5,20645
tt11471892,tvMiniSeries,Landscapers,Landscapers,0,2021,2021,50,"Comedy,Crime,Drama",7.0,20643
tt9686194,tvSeries,War of the Worlds,War of the Worlds,0,2019,2022,50,"Drama,Mystery,Sci-Fi",6.5,20616
tt10069398,tvSeries,Home for Christmas,Hjem til jul,0,2019,2025,29,"Comedy,Drama,Romance",7.7,20614
tt11242246,tvSeries,The Equalizer,The Equalizer,0,2021,2025,43,"Action,Crime,Drama",5.6,20611
tt1597420,tvSeries,Melissa & Joey,Melissa & Joey,0,2010,2015,30,"Comedy,Romance",7.0,20601
tt5711280,tvSeries,Electric Dreams,Electric Dreams,0,2017,2018,60,"Drama,Sci-Fi",7.2,20578
tt19891306,tvSeries,No Good Deed,No Good Deed,0,2024,2024,30,"Comedy,Drama,Mystery",6.9,20524
tt11646832,tvSeries,The Outlaws,The Outlaws,0,2021,,58,"Comedy,Crime,Drama",7.7,20460
tt8783930,tvSeries,The Time Traveler's Wife,The Time Traveler's Wife,0,2022,2022,45,"Drama,Romance,Sci-Fi",7.6,20431
tt2693776,tvSeries,Intelligence,Intelligence,0,2014,2014,,"Action,Drama,Sci-Fi",6.8,20410
tt2365946,tvSeries,Bitten,Bitten,0,2014,2016,44,"Drama,Fantasy,Horror",6.9,20391
tt3444938,tvSeries,The Tonight Show Starring Jimmy Fallon,The Tonight Show Starring Jimmy Fallon,0,2014,,60,"Comedy,Music,Talk-Show",7.0,20325
tt4370596,tvSeries,Better Things,Better Things,0,2016,2022,22,"Comedy,Drama",7.9,20308
tt10516352,tvSeries,Love 101,Ask 101,0,2020,2021,45,"Comedy,Drama,Romance",7.4,20300
tt9900092,tvSeries,Motherland: Fort Salem,Motherland: Fort Salem,0,2020,2022,42,"Drama,Fantasy,Sci-Fi",7.3,20243
tt11228748,tvSeries,The King: Eternal Monarch,The King: Youngwonui Gunjoo,0,2020,2020,70,"Fantasy,Mystery,Romance",8.1,20241
tt1442065,tvSeries,Rookie Blue,Rookie Blue,0,2010,2015,42,"Action,Crime,Drama",7.7,20184
tt5503718,tvSeries,Gypsy,Gypsy,0,2017,2017,51,"Drama,Thriller",6.7,20183
tt3696720,tvMiniSeries,Ascension,Ascension,0,2014,2014,77,"Drama,Sci-Fi",7.1,20180
tt9861270,tvSeries,Çilgin Dersane at the University,Çilgin Dersane: Üniversitede,0,2014,2014,90,Comedy,7.9,20177
tt5339440,tvSeries,One Day at a Time,One Day at a Time,0,2017,2020,30,"Comedy,Drama",8.1,20164
tt8425532,tvSeries,Pennyworth,Pennyworth,0,2019,2022,60,"Action,Crime,Drama",7.8,20162
tt4869896,tvSeries,Overlord,Ôbârôdo,0,2015,2022,30,"Action,Adventure,Animation",7.6,20146
tt6162588,tvSeries,Brave and Beautiful,Cesur ve Güzel,0,2016,2017,120,"Drama,Romance",8.0,20136
tt5152226,tvSeries,Tree of Life,Hayat Agaci,0,2014,2014,120,Drama,8.3,20130
tt31710249,tvSeries,Stick,Stick,0,2025,,,"Comedy,Sport",7.2,20126
tt17524566,tvSeries,Guns & Gulaabs,Guns & Gulaabs,0,2023,,50,"Comedy,Crime,Romance",7.7,20121
tt15428778,tvSeries,Mayfair Witches,Mayfair Witches,0,2023,,60,"Drama,Fantasy",6.2,20094
tt12987728,tvSeries,Bicchoo Ka Khel,Bicchoo Ka Khel,0,2020,,22,"Crime,Thriller",7.0,20075
tt2407574,tvSeries,My Mad Fat Diary,My Mad Fat Diary,0,2013,2015,47,"Comedy,Drama,Romance",8.4,20064
tt11252254,tvMiniSeries,From Scratch,From Scratch,0,2022,2022,53,"Drama,Romance",7.8,20045
tt11834150,tvMiniSeries,The Chair,The Chair,0,2021,2021,30,"Comedy,Drama",7.2,20039
tt3469052,tvSeries,My Love from Another Star,Byeoleseo on Geudae,0,2013,2014,60,"Comedy,Drama,Fantasy",8.1,20034
tt31121364,tvMiniSeries,Death by Lightning,Death by Lightning,0,2025,2025,50,"Biography,Drama,History",7.6,19978
tt35047134,tvMiniSeries,Man vs Baby,Man vs Baby,0,2025,2025,30,"Comedy,Family",6.5,19973
tt13634792,tvSeries,Mouse,Mauseu,0,2021,2021,80,"Action,Crime,Drama",8.6,19967
tt3914054,tvSeries,We Were Liars,We Were Liars,0,2025,,120,"Drama,Mystery,Romance",6.8,19965
tt5182866,tvSeries,Reply 1988,Eungdaphara 1988,0,2015,2016,90,"Comedy,Drama,Family",9.0,19961
tt16027074,tvSeries,Your Friendly Neighborhood Spider-Man,Your Friendly Neighborhood Spider-Man,0,2025,,33,"Action,Adventure,Animation",7.5,19946
tt11691684,tvSeries,Flower of Evil,Agui kkot,0,2020,2020,70,"Crime,Mystery,Romance",8.5,19912
tt9073958,tvSeries,White Lines,White Lines,0,2020,2020,60,"Crime,Drama,Mystery",6.6,19908
tt6964748,tvSeries,Alex Rider,Alex Rider,0,2020,2024,,"Action,Adventure,Drama",7.5,19892
tt7660970,tvMiniSeries,The North Water,The North Water,0,2021,2021,300,"Adventure,Drama,Mystery",7.6,19889
tt3114390,tvSeries,Kill La Kill,Kiru ra kiru: KILL la KILL,0,2013,2014,25,"Action,Animation,Comedy",7.8,19888
tt4063800,tvSeries,The Bureau,Le bureau des légendes,0,2015,2020,50,"Drama,Thriller",8.7,19866
tt11527058,tvMiniSeries,Fleishman Is in Trouble,Fleishman Is in Trouble,0,2022,2023,48,Drama,7.7,19849
tt12405230,tvSeries,Breathe: Into the Shadows,Breathe: Into the Shadows,0,2020,,46,"Drama,Thriller",7.6,19836
tt9117054,tvSeries,Spinning Out,Spinning Out,0,2020,2020,48,"Drama,Sport",7.5,19833
tt29485149,tvSeries,Dragon Ball Daima,Dragon Ball Daima,0,2024,2025,25,"Action,Adventure,Animation",7.7,19824
tt1798274,tvSeries,The Lying Game,The Lying Game,0,2011,2013,44,"Drama,Mystery,Thriller",7.3,19777
tt12867810,tvSeries,Start-Up,Seutateueob,0,2020,2020,80,"Comedy,Drama,Romance",7.9,19763
tt31038430,tvSeries,The Hunting Wives,The Hunting Wives,0,2025,,50,"Drama,Mystery,Thriller",6.8,19747
tt20285780,tvSeries,The Artful Dodger,The Artful Dodger,0,2023,,50,"Adventure,Crime,Drama",8.0,19710
tt11102190,tvSeries,Katla,Katla,0,2021,2021,,"Drama,Fantasy,Mystery",7.0,19709
tt15875168,tvSeries,Mo,Mo,0,2022,2025,27,"Comedy,Drama",7.9,19669
tt11775988,tvSeries,Operation MBBS,Operation MBBS,0,2020,,27,"Comedy,Drama",8.3,19619
tt20560404,tvMiniSeries,Keep Sweet: Pray and Obey,Keep Sweet: Pray and Obey,0,2022,2022,45,"Crime,Documentary",7.3,19618
tt2022713,tvSeries,Brickleberry,Brickleberry,0,2012,2015,22,"Animation,Comedy",7.3,19599
tt7942796,tvSeries,Magnum P.I.,Magnum P.I.,0,2018,2024,43,"Action,Adventure,Crime",6.4,19586
tt8001106,tvMiniSeries,Giri/Haji,Giri/Haji,0,2019,2019,58,"Crime,Drama,Mystery",7.8,19577
tt26591110,tvSeries,Elsbeth,Elsbeth,0,2024,,43,"Comedy,Crime,Drama",7.5,19567
tt13444408,tvSeries,Kin,Kin,0,2021,2027,50,"Crime,Drama",8.0,19566
tt1439741,tvSeries,Human Target,Human Target,0,2010,2011,60,"Action,Adventure,Crime",7.7,19565
tt6474236,tvMiniSeries,The Looming Tower,The Looming Tower,0,2018,2018,41,"Drama,History",8.0,19557
tt31987295,tvSeries,The Chair Company,The Chair Company,0,2025,,,"Comedy,Thriller",7.3,19527
tt4229954,tvSeries,Outcast,Outcast,0,2016,2017,60,"Drama,Horror",7.3,19525
tt13899566,tvMiniSeries,Special Ops 1.5: The Himmat Story,Special Ops 1.5: The Himmat Story,0,2021,2021,,"Action,Crime,Drama",8.2,19504
tt9814116,tvSeries,Brave New World,Brave New World,0,2020,2020,,"Drama,Sci-Fi,Thriller",7.0,19486
tt1513168,tvSeries,Through the Wormhole,Through the Wormhole,0,2010,2017,60,Documentary,8.6,19466
tt15466144,tvSeries,Uncoupled,Uncoupled,0,2022,2022,30,"Comedy,Drama,Romance",7.0,19424
tt4384086,tvSeries,Life in Pieces,Life in Pieces,0,2015,2019,22,Comedy,8.0,19417
tt5932548,tvSeries,Britannia,Britannia,0,2017,2021,60,"Action,Drama,Fantasy",6.9,19407
tt1988386,tvSeries,Miss Fisher's Murder Mysteries,Miss Fisher's Murder Mysteries,0,2012,2015,60,"Crime,Drama,History",8.2,19401
tt9179552,tvSeries,Dr. Death,Dr. Death,0,2021,2023,403,"Crime,Drama,Thriller",7.6,19311
tt12759100,tvSeries,Somebody Somewhere,Somebody Somewhere,0,2022,2024,30,"Comedy,Drama",8.3,19257
tt13439476,tvSeries,Kaamraj,Paurashpur,0,2020,,25,Drama,3.6,19240
tt6394324,tvSeries,Charmed,Charmed,0,2018,2022,43,"Drama,Fantasy,Mystery",4.8,19133
tt8403664,tvMiniSeries,The English Game,The English Game,0,2020,2020,47,"Drama,History,Sport",7.6,19129
tt13238304,tvSeries,The Life and Movies of Ersan Kuneri,Ersan Kuneri,0,2022,2024,45,Comedy,6.6,19115
tt4667888,tvSeries,Slasher,Slasher,0,2016,2023,60,"Crime,Drama,Horror",6.8,19100
tt21057450,tvSeries,School Spirits,School Spirits,0,2023,,49,"Drama,Fantasy,Mystery",7.6,19040
tt1825133,tvSeries,Smash,Smash,0,2012,2013,44,"Comedy,Drama,Musical",7.8,19023
tt10380768,tvSeries,Love Life,Love Life,0,2020,2021,35,"Comedy,Romance",7.4,19012
tt15384586,tvMiniSeries,Fellow Travelers,Fellow Travelers,0,2023,2023,60,"Drama,Romance",8.2,18995
tt1833285,tvSeries,Boss,Boss,0,2011,2012,60,"Crime,Drama",8.1,18990
tt10220588,tvSeries,Hotel Del Luna,Hotel Del Luna,0,2019,2019,80,"Action,Comedy,Drama",8.1,18969
tt7718088,tvSeries,Bonding,Bonding,0,2018,2021,17,"Comedy,Drama,Short",7.1,18956
tt10893694,tvSeries,The Irregulars,The Irregulars,0,2021,2021,,"Crime,Drama,Fantasy",6.1,18955
tt9174582,tvSeries,Brassic,Brassic,0,2019,2025,43,"Comedy,Drama",8.4,18947
tt1913273,tvMiniSeries,Anohana: The Flower We Saw That Day,Ano hi mita hana no namae o bokutachi wa mada shiranai.,0,2011,2011,23,"Adventure,Animation,Drama",8.1,18939
tt4277922,tvSeries,Call My Agent!,Dix pour cent,0,2015,2020,52,"Comedy,Drama",8.3,18931
tt16152716,tvSeries,The Consultant,The Consultant,0,2023,2023,33,"Comedy,Drama,Thriller",6.5,18914
tt17444636,tvSeries,Final Draft,Final Draft,0,2022,,21,"Comedy,Drama,Romance",2.3,18910
tt3556920,tvSeries,Wolf Hall,Wolf Hall,0,2015,2025,60,"Biography,Drama,History",8.2,18903
tt19381692,tvMiniSeries,Chief of War,Chief of War,0,2025,,50,"Drama,History,War",7.5,18896
tt14681596,tvSeries,Batman: Caped Crusader,Batman: Caped Crusader,0,2024,,25,"Action,Animation,Crime",7.2,18863
tt1943524,tvSeries,The Finder,The Finder,0,2012,2012,44,"Comedy,Crime,Drama",7.7,18834
tt2197797,tvSeries,666 Park Avenue,666 Park Avenue,0,2012,2013,,"Drama,Fantasy,Horror",6.8,18805
tt7821582,tvSeries,Truth Be Told,Truth Be Told,0,2019,2023,45,"Crime,Drama,Mystery",7.1,18786
tt3671754,tvSeries,Kardes Payi,Kardes Payi,0,2014,2015,70,Comedy,8.6,18772
tt11070216,tvSeries,Dirin Dirin,Dirin Dirin,0,2015,,,"Animation,Comedy",8.2,18757
tt4276624,tvSeries,Krypton,Krypton,0,2018,2019,45,"Action,Adventure,Drama",6.8,18747
tt7450814,tvSeries,Koombiyo,Koombiyo,0,2017,2018,20,"Crime,Drama,Thriller",9.1,18724
tt26862142,tvSeries,The Last Frontier,The Last Frontier,0,2025,2025,,"Action,Drama,Thriller",6.7,18703
tt1877889,tvSeries,Teenage Mutant Ninja Turtles,Teenage Mutant Ninja Turtles,0,2012,2017,24,"Action,Adventure,Animation",7.9,18696
tt1685401,tvSeries,Highschool of the Dead,Gakuen mokushiroku: HIGHSCHOOL OF THE DEAD,0,2010,2011,24,"Action,Animation,Drama",7.1,18688
tt15295490,tvSeries,Campus Diaries,Campus Diaries,0,2022,2022,40,"Comedy,Drama,Romance",8.6,18658
tt2657262,tvSeries,Star-Crossed,Star-Crossed,0,2014,2014,60,"Drama,Romance,Sci-Fi",7.1,18646
tt7608248,tvSeries,A Million Little Things,A Million Little Things,0,2018,2023,43,"Comedy,Drama,Romance",7.9,18613
tt8577458,tvSeries,High Fidelity,High Fidelity,0,2020,2020,30,"Comedy,Drama,Music",7.7,18597
tt8354062,tvSeries,One of Us Is Lying,One of Us Is Lying,0,2021,2022,50,"Crime,Drama,Mystery",6.9,18573
tt8888462,tvSeries,Pachinko,Pachinko,0,2022,2024,55,Drama,8.4,18567
tt6867482,tvSeries,Drops of God,Les Gouttes de Dieu,0,2023,,,Drama,8.0,18558
tt31407004,tvMiniSeries,Hostage,Hostage,0,2025,2025,45,"Drama,Thriller",6.5,18549
tt6938856,tvMiniSeries,A Very English Scandal,A Very English Scandal,0,2018,2018,56,"Biography,Comedy,Crime",7.6,18538
tt32019314,tvMiniSeries,Star Wars: Tales of the Empire,Star Wars: Tales of the Empire,0,2024,2024,18,"Action,Adventure,Animation",7.0,18534
tt14671678,tvSeries,Deadloch,Deadloch,0,2023,,60,"Comedy,Crime,Mystery",7.5,18492
tt28681409,tvSeries,Ranneeti: Balakot & Beyond,Ranneeti: Balakot & Beyond,0,2024,,,Action,7.8,18489
tt3560094,tvSeries,Stalker,Stalker,0,2014,2015,60,"Crime,Drama,Thriller",7.5,18442
tt1639109,tvSeries,Angel Beats!,Angel Beats!,0,2010,2010,25,"Action,Animation,Comedy",7.6,18429
tt5797194,tvSeries,W,W - Du gaeui segye,0,2016,2016,60,"Action,Comedy,Drama",8.0,18428
tt10680614,tvMiniSeries,A Teacher,A Teacher,0,2020,2020,25,Drama,6.8,18423
tt2393813,tvSeries,Graceland,Graceland,0,2013,2015,42,"Action,Crime,Drama",7.6,18422
tt9569546,tvMiniSeries,Halston,Halston,0,2021,2021,45,"Biography,Drama",7.4,18420
tt1626038,tvSeries,The Avengers: Earth's Mightiest Heroes,The Avengers: Earth's Mightiest Heroes,0,2010,2012,30,"Action,Adventure,Animation",8.3,18418
tt15135104,tvSeries,Kleo,Kleo,0,2022,2024,44,"Action,Crime,Drama",7.5,18412
tt14954498,tvMiniSeries,Echoes,Echoes,0,2022,2022,47,"Drama,Mystery,Thriller",6.0,18410
tt3613454,tvMiniSeries,Terror in Resonance,Zankyô no teroru,0,2014,2014,23,"Animation,Crime,Drama",7.8,18409
tt5425186,tvMiniSeries,Horace and Pete,Horace and Pete,0,2016,2016,44,"Comedy,Drama",8.5,18403
tt8860450,tvMiniSeries,What/If,What/If,0,2019,2019,60,"Drama,Mystery,Thriller",6.3,18339
tt5705956,tvMiniSeries,The White Princess,The White Princess,0,2017,2017,58,"Drama,History,Romance",7.5,18320
tt6271042,tvSeries,McMafia,McMafia,0,2018,2018,60,"Crime,Drama,Thriller",7.6,18309
tt7197684,tvSeries,Suburra: Blood on Rome,Suburra - La serie,0,2017,2020,50,"Action,Crime,Drama",7.9,18260
tt7826108,tvSeries,Raising Dion,Raising Dion,0,2019,2022,50,"Drama,Sci-Fi",7.1,18243
tt2543796,tvSeries,Girl Meets World,Girl Meets World,0,2014,2017,23,"Comedy,Drama,Family",7.0,18231
tt14273790,tvSeries,The Rig,The Rig,0,2023,,51,"Drama,Mystery,Sci-Fi",5.9,18193
tt0429087,tvSeries,Shantaram,Shantaram,0,2022,2022,52,"Action,Adventure,Crime",7.4,18188
tt9100822,tvSeries,The Valhalla Murders,The Valhalla Murders,0,2019,2020,50,"Crime,Drama,Mystery",7.1,18165
tt31216548,tvSeries,The Waterfront,The Waterfront,0,2025,2025,45,"Crime,Drama",7.0,18157
tt14271498,tvSeries,Loot,Loot,0,2022,,25,Comedy,6.8,18154
tt10691770,tvSeries,Helluva Boss,Helluva Boss,0,2019,,20,"Action,Animation,Comedy",7.9,18120
tt9649436,tvSeries,Enaaya,Enaaya,0,2019,,25,"Musical,Romance",4.2,18120
tt22780536,tvMiniSeries,A Nearly Normal Family,En helt vanlig familj,0,2023,2023,46,"Crime,Drama,Thriller",6.9,18114
tt7649694,tvSeries,Ramy,Ramy,0,2019,,30,"Comedy,Drama,Romance",8.0,18093
tt15054962,tvSeries,Heartbreak High,Heartbreak High,0,2022,2026,50,"Comedy,Drama,Romance",7.7,18089
tt2310212,tvSeries,Mr Selfridge,Mr Selfridge,0,2013,2016,45,"Drama,History",7.7,18082
tt2215842,tvSeries,Father Brown,Father Brown,0,2013,,52,"Crime,Drama,Mystery",7.8,18061
tt21030032,tvSeries,Oshi No Ko,Oshi no Ko,0,2023,,24,"Animation,Drama,Fantasy",8.3,18060
tt32559610,tvSeries,Countdown,Countdown,0,2025,2025,50,"Crime,Drama,Thriller",6.8,18045
tt17069148,tvSeries,Sakamoto Days,Sakamoto Deizu,0,2025,,24,"Action,Adventure,Animation",7.5,18003
tt30428143,tvMiniSeries,Apple Cider Vinegar,Apple Cider Vinegar,0,2025,2025,60,"Biography,Crime,Drama",7.1,18003
tt5674718,tvSeries,Cable Girls,Las chicas del cable,0,2017,2020,50,"Drama,History",7.5,18001
tt31862849,tvSeries,Very Parivarik,Very Parivarik,0,2024,,,Comedy,8.6,17989
tt7131720,tvSeries,Kakegurui,Kakegurui,0,2017,2019,24,"Animation,Drama,Mystery",7.1,17980
tt7598448,tvMiniSeries,The Little Drummer Girl,The Little Drummer Girl,0,2018,2018,57,"Drama,Thriller",7.4,17885
tt16098700,tvSeries,Fire Country,Fire Country,0,2022,,44,Drama,7.1,17877
tt1936532,tvSeries,Major Crimes,Major Crimes,0,2012,2018,43,"Action,Crime,Drama",7.8,17877
tt7211618,tvSeries,Gentleman Jack,Gentleman Jack,0,2019,2022,60,"Biography,Drama,History",8.2,17873
tt2230051,tvSeries,High School DxD,High School DxD,0,2012,2018,23,"Action,Animation,Comedy",7.5,17844
tt11899030,tvSeries,The Responder,The Responder,0,2022,2024,57,"Crime,Drama,Thriller",7.4,17791
tt1553644,tvSeries,The Ricky Gervais Show,The Ricky Gervais Show,0,2010,2012,30,"Animation,Comedy,Talk-Show",8.4,17789
tt11937816,tvSeries,Who Killed Sara?,¿Quién Mató a Sara?,0,2021,2022,40,"Crime,Drama,Mystery",6.4,17773
tt2051178,tvSeries,Fate/Zero,Fate/Zero,0,2011,2012,24,"Action,Adventure,Animation",8.2,17765
tt4295140,tvSeries,Chef's Table,Chef's Table,0,2015,2024,50,"Biography,Documentary",8.5,17765
tt2084712,tvSeries,Young & Hungry,Young & Hungry,0,2014,2018,22,"Comedy,Drama,Romance",7.3,17758
tt14961048,tvSeries,Swarm,Swarm,0,2023,2023,34,"Comedy,Crime,Drama",7.1,17748
tt11564258,tvMiniSeries,The Playlist,The Playlist,0,2022,2022,50,"Biography,Drama,Music",7.4,17744
tt1726839,tvSeries,The Looney Tunes Show,The Looney Tunes Show,0,2011,2013,23,"Adventure,Animation,Comedy",7.8,17721
tt31122777,tvMiniSeries,Say Nothing,Say Nothing,0,2024,2024,44,"Drama,History,Thriller",8.2,17711
tt21209804,tvSeries,Mashle: Magic and Muscles,Mashle: Magic and Muscles,0,2023,,23,"Action,Adventure,Animation",7.5,17693
tt13623608,tvMiniSeries,The Curse,The Curse,0,2023,2024,60,"Comedy,Drama,Thriller",7.1,17671
tt11947248,tvSeries,The Shrink Next Door,The Shrink Next Door,0,2021,2021,,"Biography,Comedy,Drama",7.1,17670
tt13847564,tvSeries,Inspector Avinash,Inspector Avinash,0,2023,,42,"Action,Crime,Thriller",7.6,17659
tt3305096,tvSeries,Galavant,Galavant,0,2015,2016,22,"Adventure,Comedy,Fantasy",8.1,17657
tt1591493,tvSeries,No Ordinary Family,No Ordinary Family,0,2010,2011,60,"Action,Comedy,Drama",6.9,17639
tt6157148,tvSeries,Weightlifting Fairy Kim Bok-Joo,Yeokdoyojeong Gim Bokju,0,2016,2017,60,"Comedy,Drama,Romance",8.3,17597
tt8317568,tvSeries,Broken But Beautiful,Broken But Beautiful,0,2018,,22,"Drama,Romance",8.5,17593
tt15614372,tvMiniSeries,Tear Along the Dotted Line,Strappare lungo i bordi,0,2021,2021,22,"Animation,Comedy,Drama",8.5,17572
tt31324295,tvMiniSeries,Lovely Runner,Sunjae Eobgo Tweeeo,0,2024,2024,,"Comedy,Drama,Fantasy",8.5,17536
tt1583607,tvSeries,Hot in Cleveland,Hot in Cleveland,0,2010,2015,30,Comedy,7.4,17502
tt1836195,tvSeries,The River,The River,0,2012,2012,44,"Action,Adventure,Drama",6.8,17496
tt15012366,tvSeries,The Empire,The Empire,0,2021,,40,"Action,Drama,History",4.7,17486
tt27327718,tvSeries,The Jengaburu Curse,The Jengaburu Curse,0,2023,,45,"Crime,Mystery,Thriller",7.5,17453
tt16358754,tvSeries,The Wheel of Time: Origins,The Wheel of Time: Origins,0,2021,,3,"Animation,Drama,Fantasy",7.1,17449
tt3829868,tvMiniSeries,Looking for Alaska,Looking for Alaska,0,2019,2019,53,"Drama,Romance",8.0,17437
tt33496221,tvMiniSeries,Secrets We Keep,Reservatet,0,2025,2025,35,"Crime,Drama,Mystery",7.0,17422
tt5615700,tvSeries,Siren,Siren,0,2018,2020,60,"Drama,Fantasy,Horror",7.0,17400
tt1799631,tvSeries,Blue Exorcist,Ao no ekusoshisuto,0,2011,2011,30,"Action,Animation,Drama",7.4,17396
tt1641247,tvSeries,Life's Too Short,Life's Too Short,0,2011,2013,30,Comedy,7.5,17386
tt2164430,tvSeries,A Young Doctor's Notebook & Other Stories,A Young Doctor's Notebook & Other Stories,0,2012,2013,23,"Comedy,Drama,History",7.7,17383
tt11536424,tvSeries,Code M,Code M,0,2020,,24,"Mystery,Thriller",7.3,17382
tt22352854,tvSeries,Gyeongseong Creature,Gyeongseong Keuricheo,0,2023,2024,60,"Action,Drama,History",7.4,17374
tt10801534,tvSeries,How to with John Wilson,How to with John Wilson,0,2020,2023,30,"Comedy,Documentary",8.7,17354
tt3283594,tvMiniSeries,Five Days at Memorial,Five Days at Memorial,0,2022,2022,47,"Biography,Drama",7.7,17323
tt21874396,tvSeries,Parasyte: The Grey,Gisaengsu: Deo geurei,0,2024,2024,61,"Action,Drama,Horror",7.1,17310
tt7187044,tvSeries,City on a Hill,City on a Hill,0,2019,2022,60,"Crime,Drama,Thriller",7.6,17298
tt3314218,tvSeries,UnREAL,UnREAL,0,2015,2018,42,Drama,7.7,17254
tt24640580,tvSeries,Moving,Mubing,0,2023,2023,60,"Action,Adventure,Drama",8.4,17236
tt8303474,tvSeries,Utopia,Utopia,0,2020,2020,55,"Action,Drama,Mystery",6.7,17227
tt26591147,tvSeries,Matlock,Matlock,0,2024,,45,"Crime,Drama",7.5,17218
tt1722512,tvSeries,Ultimate Spider-Man,Ultimate Spider-Man,0,2012,2017,23,"Action,Adventure,Animation",7.2,17185
tt31449991,tvSeries,Chad Powers,Chad Powers,0,2025,,35,"Comedy,Sport",7.5,17146
tt9257258,tvSeries,Kevin Can F**k Himself,Kevin Can F**k Himself,0,2021,2022,45,"Comedy,Drama",7.2,17141
tt1279972,tvSeries,Treme,Treme,0,2010,2013,60,"Drama,Music",8.3,17111
tt12448030,tvSeries,Aarya,Aarya,0,2020,2024,51,"Action,Crime,Drama",7.7,17105
tt1299365,tvSeries,How to Make It in America,How to Make It in America,0,2010,2011,30,"Comedy,Drama",7.9,17060
tt4607112,tvSeries,Tin Star,Tin Star,0,2017,2020,60,"Crime,Drama,Thriller",7.2,17053
tt15351648,tvSeries,Three Pines,Three Pines,0,2022,2022,50,"Crime,Drama,Mystery",7.2,17051
tt1590961,tvSeries,Breakout Kings,Breakout Kings,0,2011,2012,43,"Crime,Drama,Thriller",7.2,17028
tt11006642,tvSeries,Walker,Walker,0,2021,2024,42,"Action,Crime,Drama",6.2,17026
tt3697842,tvSeries,The Late Show with Stephen Colbert,The Late Show with Stephen Colbert,0,2015,2026,41,"Comedy,Talk-Show",7.2,17024
tt14533970,tvSeries,The Prince,Prens,0,2023,,45,"Comedy,History",8.5,17021
tt5014882,tvSeries,The Durrells,The Durrells,0,2016,2019,46,"Biography,Comedy,Drama",8.2,17016
tt11041132,tvSeries,The Mosquito Coast,The Mosquito Coast,0,2021,2023,60,"Adventure,Drama,Thriller",6.8,17011
tt28618556,tvSeries,Lord of Mysteries,Guimi Zhi Zhu,0,2025,,,"Action,Adventure,Animation",8.5,17003
tt15439048,tvSeries,Death and Other Details,Death and Other Details,0,2024,2024,60,"Crime,Drama,Mystery",6.7,16963
tt23488694,tvSeries,Overcompensating,Overcompensating,0,2025,,35,Comedy,7.7,16926
tt7414406,tvSeries,All American,All American,0,2018,2026,45,"Drama,Sport",7.6,16918
tt7772602,tvSeries,In the Dark,In the Dark,0,2019,2022,42,"Action,Crime,Mystery",7.5,16902
tt10580064,tvSeries,Most Dangerous Game,Most Dangerous Game,0,2020,2023,7,"Action,Short,Thriller",6.6,16883
tt9151230,tvSeries,To the Lake,Epidemiya,0,2019,2022,48,"Drama,Sci-Fi,Thriller",7.2,16848
tt11147852,tvSeries,Dorohedoro,Dorohedoro,0,2020,2026,25,"Action,Animation,Comedy",8.1,16836
tt2874692,tvSeries,When Calls the Heart,When Calls the Heart,0,2014,,43,"Drama,History,Romance",7.9,16828
tt13649396,tvSeries,The Bastard Son & The Devil Himself,The Bastard Son & the Devil Himself,0,2022,2022,60,"Action,Adventure,Drama",7.5,16815
tt14979052,tvMiniSeries,Happiness,Haepiniseu,0,2021,2021,65,"Action,Drama,Fantasy",7.7,16804
tt5103758,tvSeries,Troy: Fall of a City,Troy: Fall of a City,0,2018,2018,60,"Action,Adventure,Romance",4.2,16802
tt15264192,tvSeries,Murderville,Murderville,0,2022,2022,33,"Comedy,Crime,Mystery",6.9,16796
tt18247152,tvSeries,Modern Love Mumbai,Modern Love Mumbai,0,2022,,40,"Comedy,Romance",7.6,16782
tt6354518,tvSeries,The Disastrous Life of Saiki K.,Saiki Kusuo no Psi Nan,0,2016,2018,24,"Animation,Comedy,Fantasy",8.3,16752
tt12304420,tvMiniSeries,Clark,Clark,0,2022,2022,60,"Action,Comedy,Crime",7.3,16737
tt3243098,tvSeries,Heirs,Sangsogjadeul,0,2013,2013,55,"Comedy,Drama,Romance",7.5,16721
tt15576504,tvSeries,The Night Manager,The Night Manager,0,2023,,47,"Action,Crime,Mystery",7.6,16700
tt8324422,tvSeries,PEN15,PEN15,0,2019,2021,30,"Comedy,Drama",8.1,16694
tt13718450,tvSeries,86,86,0,2021,2022,24,"Action,Animation,Drama",8.3,16694
tt5766194,tvSeries,Legend of the Blue Sea,Pooreun Badaui Junsul,0,2016,2017,60,"Comedy,Drama,Fantasy",8.1,16686
tt14117010,tvMiniSeries,Keep Breathing,Keep Breathing,0,2022,2022,35,"Adventure,Drama,Thriller",5.3,16668
tt18926162,tvSeries,Tomorrow,Naeil,0,2022,2022,60,"Action,Comedy,Drama",8.1,16665
tt13304700,tvSeries,Snowdrop,Seolganghwa,0,2021,2022,85,"Crime,Drama,Romance",8.1,16638
tt2348803,tvSeries,Kuroko's Basketball,Kuroko No Basket,0,2012,2015,24,"Animation,Comedy,Sport",8.2,16622
tt8042500,tvSeries,Y: The Last Man,Y: The Last Man,0,2021,2021,60,"Action,Adventure,Drama",6.0,16611
tt11043632,tvSeries,Beastars,Beastars,0,2019,2026,23,"Animation,Crime,Drama",7.6,16608
tt11808942,tvSeries,Schmigadoon!,Schmigadoon!,0,2021,2023,30,"Comedy,Fantasy,Musical",7.4,16595
tt17720272,tvSeries,Goosebumps,Goosebumps,0,2023,2025,40,"Action,Adventure,Comedy",6.7,16584
tt6385540,tvSeries,Hilda,Hilda,0,2018,2023,24,"Adventure,Animation,Drama",8.6,16580
tt2325846,tvSeries,Dragons: Riders of Berk,Dragons: Riders of Berk,0,2012,2014,22,"Action,Adventure,Animation",7.9,16577
tt5212822,tvSeries,Imposters,Imposters,0,2017,2018,41,"Comedy,Crime,Drama",7.8,16553
tt15399640,tvMiniSeries,Lawmen: Bass Reeves,Lawmen: Bass Reeves,0,2023,2023,45,"Biography,Drama,Western",7.3,16500
tt10982034,tvSeries,Trying,Trying,0,2020,,30,"Comedy,Drama,Romance",8.0,16470
tt9612102,tvSeries,Exit,Exit,0,2019,2023,45,"Crime,Drama,Thriller",8.2,16454
tt9454892,tvSeries,Hello Mini,Hello Mini,0,2019,2021,25,Thriller,7.6,16449
tt10554898,tvSeries,The Untamed,Chen qing ling,0,2019,2019,50,"Action,Adventure,Drama",8.7,16441
tt7907922,tvSeries,Truth Seekers,Truth Seekers,0,2020,2020,,"Comedy,Drama,Fantasy",7.0,16438
tt13409432,tvSeries,Ranking of Kings,Ousama Ranking,0,2021,2022,23,"Action,Adventure,Animation",8.4,16420
tt11165002,tvMiniSeries,The Devil Next Door,The Devil Next Door,0,2019,2019,45,"Crime,Documentary,History",7.5,16400
tt13400006,tvSeries,Mr. Queen,Cheolinwanghoo,0,2020,2021,70,"Comedy,Drama,Fantasy",8.5,16374
tt12004280,tvSeries,Too Hot to Handle,Too Hot to Handle,0,2020,2024,40,"Documentary,Game-Show,Reality-TV",4.8,16368
tt7403736,tvSeries,V-Wars,V-Wars,0,2019,2019,60,"Drama,Horror,Sci-Fi",6.0,16335
tt10478054,tvSeries,The Lost Symbol,The Lost Symbol,0,2021,2021,45,"Action,Adventure,Drama",6.3,16330
tt32612521,tvSeries,Gachiakuta,Gachiakuta,0,2025,,24,"Action,Adventure,Animation",8.0,16328
tt27867155,tvMiniSeries,Mr Bates vs. The Post Office,Mr Bates vs. The Post Office,0,2024,2024,53,"Biography,Drama",8.4,16325
tt5562056,tvSeries,Easy,Easy,0,2016,2019,30,"Comedy,Drama",6.9,16317
tt32132630,tvSeries,Down Cemetery Road,Down Cemetery Road,0,2025,,,Thriller,7.0,16315
tt14115938,tvSeries,The Eminence in Shadow,Kage no Jitsuryokusha ni Naritakute!,0,2022,2023,24,"Action,Adventure,Animation",7.7,16304
tt2575968,tvSeries,Hinterland,Hinterland,0,2013,2016,90,"Crime,Drama,Mystery",7.6,16288
tt31123801,tvSeries,Like There's No Tomorrow,Yarin Yokmus Gibi,0,2024,2024,30,"Drama,Romance",8.5,16287
tt5909930,tvMiniSeries,Ghoul,Ghoul,0,2018,2018,45,"Drama,Fantasy,Horror",7.0,16264
tt18228732,tvSeries,Colin from Accounts,Colin from Accounts,0,2022,2026,27,"Comedy,Drama,Romance",8.0,16264
tt4445154,tvMiniSeries,Deutschland 83,Deutschland 83,0,2015,2015,42,"Drama,Romance,Thriller",8.0,16242
tt7923710,tvSeries,My Mister,Naui ajusshi,0,2018,2018,70,Drama,9.0,16225
tt27446493,tvSeries,Twinkling Watermelon,Banjjagineun Woteomellon,0,2023,2023,70,"Comedy,Drama,Fantasy",8.8,16175
tt6958022,tvMiniSeries,The Defiant Ones,The Defiant Ones,0,2017,2017,60,"Biography,Crime,Documentary",8.5,16154
tt1552112,tvSeries,The Glades,The Glades,0,2010,2013,60,"Action,Crime,Drama",7.4,16125
tt1442109,tvSeries,Life Unexpected,Life Unexpected,0,2010,2011,60,Drama,7.5,16103
tt1661326,tvSeries,Shake It Up,Shake It Up,0,2010,2013,30,"Comedy,Family",5.1,16073
tt1877368,tvSeries,The Great British Baking Show,The Great British Bake Off,0,2010,,60,"Game-Show,Reality-TV",8.6,16073
tt26739535,tvMiniSeries,MH370: The Plane That Disappeared,MH370: The Plane That Disappeared,0,2023,2023,60,Documentary,6.1,16068
tt10584608,tvSeries,Teenage Bounty Hunters,Teenage Bounty Hunters,0,2020,2020,50,"Comedy,Crime,Drama",7.6,16046
tt2647586,tvSeries,Resurrection,Resurrection,0,2013,2015,43,"Drama,Fantasy",7.2,16012
tt11822998,tvMiniSeries,The Trials of Gabriel Fernandez,The Trials of Gabriel Fernandez,0,2020,2020,60,"Crime,Documentary",8.1,16006
tt15845610,tvMiniSeries,A Man in Full,A Man in Full,0,2024,2024,45,Drama,6.5,16005
tt9096108,tvSeries,Rasbhari,Rasbhari,0,2019,,22,"Comedy,Drama,Romance",2.8,15998
tt10653784,tvSeries,Gossip Girl,Gossip Girl,0,2021,2023,60,"Drama,Romance",5.4,15995
tt36592690,tvMiniSeries,The Fragrant Flower Blooms with Dignity,Kaoru Hana wa Rin to Saku,0,2025,2025,,"Animation,Comedy,Drama",8.3,15988
tt5464086,tvSeries,"Midnight, Texas","Midnight, Texas",0,2017,2018,60,"Drama,Fantasy,Mystery",7.3,15961
tt7645192,tvSeries,Baby,Baby,0,2018,2020,50,Drama,6.9,15960
tt24163532,tvSeries,Smoke,Smoke,0,2025,2025,50,"Crime,Drama,Mystery",6.6,15959
tt5320412,tvSeries,Moon Lovers: Scarlet Heart Ryeo,Dalui Yeonin - Bobogyungsim Ryeo,0,2016,2016,60,"Action,Drama,Fantasy",8.6,15955
tt1685471,tvMiniSeries,This Is England '86,This Is England '86,0,2010,2010,47,"Comedy,Crime,Drama",8.3,15926
tt21088136,tvSeries,Criminal Record,Criminal Record,0,2024,,50,"Crime,Drama,Thriller",7.1,15898
tt9359338,tvMiniSeries,Bhaukaal,Bhaukaal,0,2020,,30,"Action,Crime",7.7,15887
tt5460226,tvSeries,Search Party,Search Party,0,2016,2022,24,"Comedy,Crime,Drama",7.6,15870
tt12286260,tvSeries,Santa Inc.,Santa Inc.,0,2021,2021,30,"Animation,Comedy,Fantasy",1.8,15862
tt5514358,tvSeries,Steins;Gate 0,Steins;Gate 0,0,2018,2018,30,"Animation,Drama,Mystery",8.4,15816
tt23664162,tvSeries,The Åre Murders,Åremorden,0,2025,,45,"Crime,Drama,Mystery",6.7,15807
tt9174718,tvSeries,The Lost Flowers of Alice Hart,The Lost Flowers of Alice Hart,0,2023,2023,60,Drama,7.7,15799
tt1600199,tvSeries,Franklin & Bash,Franklin & Bash,0,2011,2014,60,"Comedy,Crime,Drama",7.6,15798
tt2275990,tvSeries,The Bletchley Circle,The Bletchley Circle,0,2012,2014,45,"Crime,Drama,History",7.9,15740
tt1622696,tvSeries,Ben 10: Ultimate Alien,Ben 10: Ultimate Alien,0,2010,2012,22,"Action,Adventure,Animation",7.8,15728
tt2980696,tvSeries,Quarry,Quarry,0,2016,2016,60,"Crime,Drama,Thriller",8.0,15717
tt37600136,tvSeries,"Bon Appetit, Your Majesty","Bon Appetit, Your Majesty",0,2025,2025,80,"Drama,Fantasy,History",8.0,15714
tt6839788,tvSeries,Dogs of Berlin,Dogs of Berlin,0,2018,,542,"Action,Crime,Drama",7.5,15710
tt8652642,tvSeries,Wu Assassins,Wu Assassins,0,2019,2019,44,"Action,Crime,Drama",6.4,15693
tt3127020,tvSeries,Faking It,Faking It,0,2014,2016,21,"Comedy,Drama,Romance",7.3,15683
tt17494264,tvSeries,Mithya,Mithya,0,2022,,36,"Crime,Drama,Thriller",6.8,15679
tt2592094,tvSeries,Believe,Believe,0,2014,2014,42,"Drama,Fantasy,Sci-Fi",7.1,15654
tt6632666,tvSeries,Project Blue Book,Project Blue Book,0,2019,2020,45,"Drama,Mystery,Sci-Fi",7.6,15652
tt4939064,tvSeries,Mars,Mars,0,2016,2018,60,"Adventure,Drama,Sci-Fi",7.4,15650
tt19868314,tvSeries,Dahaad,Dahaad,0,2023,,55,"Crime,Drama,Mystery",7.6,15627
tt18970124,tvMiniSeries,Conversations with a Killer: The John Wayne Gacy Tapes,Conversations with a Killer: The John Wayne Gacy Tapes,0,2022,2022,60,"Biography,Crime,Documentary",7.1,15577
tt6494622,tvSeries,Made in Heaven,Made in Heaven,0,2019,,50,"Drama,Romance",8.2,15575
tt13273826,tvSeries,The Uncanny Counter,Gyeongiroun Somun,0,2020,2023,65,"Action,Drama,Fantasy",8.0,15560
tt3212600,tvSeries,Mahabharat,Mahabharat,0,2013,2014,20,"Drama,History,War",8.7,15554
tt30955673,tvSeries,House of David,House of David,0,2025,,,"Action,Biography,Drama",7.5,15552
tt6821044,tvMiniSeries,The Loudest Voice,The Loudest Voice,0,2019,2019,50,"Biography,Drama",7.9,15544
tt21764804,tvSeries,The Family,Aile,0,2023,2024,137,"Drama,Romance",6.8,15528
tt6616260,tvSeries,Deadwind,Karppi,0,2018,2021,45,"Crime,Drama,Mystery",7.3,15523
tt35590630,tvMiniSeries,American Murder: Gabby Petito,American Murder: Gabby Petito,0,2025,2025,40,"Crime,Documentary",7.1,15521
tt17921714,tvMiniSeries,A Small Light,A Small Light,0,2023,2023,50,"Biography,Drama,History",8.4,15519
tt10098620,tvSeries,Feel Good,Feel Good,0,2020,2021,,"Comedy,Drama,Romance",7.5,15486
tt12878838,tvSeries,Bel-Air,Bel-Air,0,2022,2025,51,Drama,6.4,15479
tt14759574,tvMiniSeries,Mrs. Davis,Mrs. Davis,0,2023,2023,57,"Comedy,Drama,Sci-Fi",7.3,15463
tt8771910,tvMiniSeries,Self Made: Inspired by the Life of Madam C.J. Walker,Self Made: Inspired by the Life of Madam C.J. Walker,0,2020,2020,48,"Biography,Drama,History",7.3,15434
tt4731072,tvSeries,Food Wars: Shokugeki no Soma,Shokugeki no Soma,0,2015,2020,24,"Animation,Comedy,Drama",8.0,15418
tt2548418,tvMiniSeries,Jonathan Strange & Mr Norrell,Jonathan Strange & Mr Norrell,0,2015,2015,60,"Fantasy,War",8.0,15374
tt7588054,tvSeries,"Roswell, New Mexico","Roswell, New Mexico",0,2019,2022,45,"Drama,Romance,Sci-Fi",6.4,15358
tt15026724,tvMiniSeries,Our Beloved Summer,Geu hae urineun,0,2021,2022,70,"Drama,Romance",8.1,15340
tt2337840,tvSeries,Bad Education,Bad Education,0,2012,2024,30,Comedy,7.3,15289
tt8523042,tvSeries,Vagabond,Baegabondeu,0,2019,2019,60,"Action,Drama,Mystery",8.1,15278
tt9184982,tvSeries,Tribes of Europa,Tribes of Europa,0,2021,2021,,"Action,Adventure,Drama",6.7,15275
tt11897688,tvSeries,The Resort,The Resort,0,2022,2022,35,"Comedy,Mystery,Thriller",7.3,15225
tt1830491,tvSeries,Austin & Ally,Austin & Ally,0,2011,2016,23,"Comedy,Drama,Family",6.1,15224
tt3216586,tvSeries,The Brink,The Brink,0,2015,2015,30,Comedy,7.7,15216
tt21375036,tvMiniSeries,The Regime,The Regime,0,2024,2024,60,Drama,6.0,15214
tt21621494,tvSeries,Delicious in Dungeon,Danjon meshi,0,2024,,26,"Adventure,Animation,Comedy",8.1,15213
tt11188682,tvSeries,The Cleaning Lady,The Cleaning Lady,0,2022,2025,45,"Crime,Drama,Thriller",6.9,15201
tt6560040,tvMiniSeries,The Forest,La forêt,0,2017,2017,52,"Crime,Drama",7.2,15198
tt4834232,tvSeries,Critical Role,Critical Role,0,2015,,120,"Adventure,Fantasy",9.0,15125
tt1321865,tvMiniSeries,Carlos,Carlos,0,2010,2010,111,"Biography,Crime,Drama",7.6,15114
tt14479078,tvSeries,Candy,Candy,0,2021,,39,Thriller,8.0,15094
tt5541338,tvSeries,Six,Six,0,2017,2018,60,"Action,Drama,History",7.3,15075
tt3597912,tvSeries,The Royals,The Royals,0,2015,2018,42,Drama,7.4,15034
tt6467482,tvMiniSeries,La Mante,La Mante,0,2017,2017,52,"Crime,Drama,Thriller",7.4,15030
tt5531470,tvSeries,Frequency,Frequency,0,2016,2017,42,"Drama,Fantasy,Mystery",7.4,15026
tt6519410,tvSeries,Black Spot,Zone blanche,0,2017,2019,52,"Crime,Drama,Horror",7.3,14988
tt8213522,tvSeries,Tokyo Ghoul: Re,Tokyo Ghoul: re,0,2018,2018,24,"Action,Animation,Drama",6.5,14988
tt13879466,tvSeries,The One,The One,0,2021,2021,,"Crime,Drama,Mystery",6.6,14950
tt22373148,tvSeries,Karm Yuddh,Karm Yuddh,0,2022,,35,Drama,7.8,14946
tt11725900,tvSeries,Karen Pirie,Karen Pirie,0,2022,,120,"Crime,Drama,Mystery",7.6,14918
tt23221806,tvMiniSeries,The Breakthrough,Genombrottet,0,2025,2025,40,"Crime,Drama,Mystery",7.1,14899
tt9244556,tvMiniSeries,Mrs. America,Mrs. America,0,2020,2020,51,"Biography,Drama,History",7.8,14886
tt9134194,tvSeries,Trinkets,Trinkets,0,2019,2020,30,"Comedy,Crime,Drama",7.0,14882
tt6903284,tvSeries,Nightflyers,Nightflyers,0,2018,2018,60,"Drama,Horror,Mystery",5.8,14804
tt8595140,tvSeries,The Conners,The Conners,0,2018,2025,30,Comedy,5.9,14790
tt13173144,tvMiniSeries,Resident Evil: Infinite Darkness,Resident Evil: Infinite Darkness,0,2021,2021,26,"Action,Animation,Horror",5.8,14772
tt10975574,tvSeries,Julia,Julia,0,2022,2023,45,"Biography,Drama",8.3,14762
tt23037654,tvSeries,Khakee: The Bihar Chapter,Khakee: The Bihar Chapter,0,2022,2022,45,"Action,Crime,Drama",8.1,14743
tt1773185,tvMiniSeries,Puella Magi Madoka Magica,Mahô shôjo Madoka magika: Puella Magi Madoka Magica,0,2011,2011,24,"Action,Adventure,Animation",8.2,14739
tt32159809,tvSeries,The Paper,The Paper,0,2025,,30,"Comedy,Drama",6.9,14733
tt2487090,tvSeries,Sam & Cat,Sam & Cat,0,2013,2014,30,"Comedy,Drama,Family",5.8,14711
tt14167390,tvMiniSeries,House of Secrets: The Burari Deaths,House of Secrets: The Burari Deaths,0,2021,2021,45,"Crime,Documentary,History",7.4,14681
tt2480514,tvSeries,In the Flesh,In the Flesh,0,2013,2014,56,"Comedy,Drama,Horror",7.9,14678
tt22185582,tvSeries,Sixer,Sixer,0,2022,,49,"Drama,Sport",8.5,14673
tt9359220,tvSeries,Young Wallander,Young Wallander,0,2020,2022,,"Crime,Drama,Mystery",6.9,14665
tt10732104,tvSeries,Power Book II: Ghost,Power Book II: Ghost,0,2020,2024,60,"Crime,Drama",7.5,14664
tt17043230,tvSeries,Quantum Leap,Quantum Leap,0,2022,2024,42,"Drama,Mystery,Sci-Fi",6.3,14659
tt9566030,tvSeries,Pew News,Pew News,0,2018,2020,15,"Comedy,News",8.7,14657
tt12580982,tvSeries,National Treasure: Edge of History,National Treasure: Edge of History,0,2022,2023,50,"Action,Adventure,Mystery",5.8,14656
tt4452630,tvSeries,Code Black,Code Black,0,2015,2018,42,Drama,8.1,14641
tt3579018,tvSeries,Emerald City,Emerald City,0,2017,2017,60,"Adventure,Drama,Fantasy",7.1,14629
tt10313066,tvSeries,Stumptown,Stumptown,0,2019,2020,44,"Crime,Drama,Mystery",7.5,14611
tt11525188,tvSeries,Chapelwaite,Chapelwaite,0,2021,2021,53,"Drama,Horror,Mystery",7.1,14572
tt6994156,tvSeries,Close Enough,Close Enough,0,2020,2022,23,"Action,Adventure,Animation",7.8,14570
tt5531466,tvSeries,DuckTales,DuckTales,0,2017,2021,21,"Action,Adventure,Animation",8.3,14551
tt2578508,tvSeries,Inside Amy Schumer,Inside Amy Schumer,0,2013,2022,22,Comedy,6.0,14548
tt12768990,tvSeries,The Gone Game,The Gone Game,0,2020,2022,20,"Crime,Thriller",7.8,14544
tt3061050,tvSeries,Clarence,Clarence,0,2013,2018,23,"Adventure,Animation,Comedy",6.9,14531
tt26453092,tvSeries,The Mighty Nein,The Mighty Nein,0,2025,,30,"Action,Adventure,Animation",8.4,14518
tt2378794,tvSeries,Hello Ladies,Hello Ladies,0,2013,2014,30,Comedy,7.4,14514
tt4146128,tvMiniSeries,Childhood's End,Childhood's End,0,2015,2015,82,"Drama,Sci-Fi,Thriller",6.8,14496
tt7768192,tvSeries,Dublin Murders,Dublin Murders,0,2019,2019,60,"Crime,Drama,Mystery",7.1,14485
tt15471900,tvSeries,Rana Naidu,Rana Naidu,0,2023,,50,"Action,Crime,Drama",7.1,14457
tt4284216,tvSeries,Healer,Hilleo,0,2014,2015,60,"Action,Comedy,Crime",8.4,14428
tt11947418,tvSeries,Minx,Minx,0,2022,2023,30,Comedy,7.6,14417
